 0 4.81397 1.45699e-06 0.027347 0.0267289 0.00211438 -0.00149624 0.000800194 0.181562
 1 4.81397 1.60268e-06 257.978 257.978 0.00120668 -0.00149475 0.0117549 1.27984
 2 4.81397 3.94406e-10 255.007 255.005 0.00267595 -0.00149468 0.0117577 1.27982
 3 4.81397 4.33846e-10 255.007 255.004 0.00423638 -0.00149468 0.0117577 1.27982
 4 4.81397 4.77231e-10 255.007 255.002 0.00598346 -0.00149468 0.0117577 1.27982
 5 4.81397 5.24954e-10 255.007 255 0.0079082 -0.00149468 0.0117577 1.27982
 6 4.81397 5.77449e-10 255.007 254.998 0.0100279 -0.00149468 0.0117577 1.27982
 7 4.81397 6.35194e-10 255.007 254.996 0.0123606 -0.00149468 0.0117577 1.27982
 8 4.81397 6.98714e-10 255.007 254.993 0.0149289 -0.00149468 0.0117577 1.27982
 9 4.81397 7.68585e-10 255.007 254.99 0.0177548 -0.00149468 0.0117577 1.27982
 10 4.81397 8.45444e-10 255.007 254.987 0.0208648 -0.00149468 0.0117577 1.27982
 11 4.81397 9.29988e-10 255.007 254.984 0.0242859 -0.00149468 0.0117577 1.27982
 12 4.81397 1.02299e-09 255.007 254.98 0.0280503 -0.00149468 0.0117577 1.27982
 13 4.81397 1.12529e-09 255.007 254.976 0.0321911 -0.00149468 0.0117577 1.27982
 14 4.81397 1.23781e-09 255.007 254.971 0.0367474 -0.00149468 0.0117577 1.27982
 15 4.81397 1.3616e-09 255.007 254.966 0.0417599 -0.00149468 0.0117577 1.27982
 16 4.81397 1.49775e-09 255.007 254.961 0.0472748 -0.00149468 0.0117577 1.27982
 17 4.81397 1.64753e-09 255.007 254.955 0.0533417 -0.00149468 0.0117577 1.27982
 18 4.81397 1.81228e-09 255.007 254.948 0.0600171 -0.00149468 0.0117577 1.27982
 19 4.81397 1.99351e-09 255.007 254.941 0.0673606 -0.00149468 0.0117577 1.27982
 20 4.81397 2.19286e-09 255.007 254.933 0.0754407 -0.00149468 0.0117577 1.27982
 21 4.81397 2.41215e-09 255.007 254.924 0.0843296 -0.00149468 0.0117577 1.27982
 22 4.81397 2.65336e-09 255.007 254.914 0.0941097 -0.00149468 0.0117577 1.27982
 23 4.81397 2.9187e-09 255.007 254.903 0.104869 -0.00149468 0.0117577 1.27982
 24 4.81397 3.21057e-09 255.007 254.891 0.116707 -0.00149468 0.0117577 1.27982
 25 4.81397 3.53163e-09 255.007 254.878 0.12973 -0.00149468 0.0117577 1.27982
 26 4.81397 3.88479e-09 255.007 254.864 0.14406 -0.00149468 0.0117577 1.27982
 27 4.81397 4.27327e-09 255.007 254.848 0.159824 -0.00149468 0.0117577 1.27982
 28 4.81397 4.7006e-09 255.007 254.831 0.177169 -0.00149468 0.0117577 1.27982
 29 4.81397 5.17066e-09 255.007 254.812 0.196249 -0.00149468 0.0117577 1.27982
 30 4.81397 5.68772e-09 255.007 254.791 0.217245 -0.00149468 0.0117577 1.27982
 31 4.81397 6.25649e-09 255.007 254.768 0.24034 -0.00149468 0.0117577 1.27982
 32 4.81397 6.88214e-09 255.007 254.742 0.265752 -0.00149468 0.0117577 1.27982
 33 4.81397 7.57036e-09 255.007 254.714 0.293706 -0.00149468 0.0117577 1.27982
 34 4.81397 8.32739e-09 255.007 254.684 0.324465 -0.00149468 0.0117577 1.27982
 35 4.81397 9.16013e-09 255.007 254.65 0.358299 -0.00149468 0.0117577 1.27982
 36 4.81397 1.00761e-08 255.007 254.613 0.395528 -0.00149468 0.0117577 1.27982
 37 4.81397 1.10838e-08 255.007 254.572 0.436476 -0.00149468 0.0117577 1.27981
 38 4.81397 1.21921e-08 255.007 254.527 0.481532 -0.00149468 0.0117577 1.27981
 39 4.81397 1.34113e-08 255.007 254.477 0.53109 -0.00149468 0.0117577 1.27981
 40 4.81397 1.47525e-08 255.007 254.422 0.585614 -0.00149468 0.0117577 1.27981
 41 4.81397 1.62277e-08 255.007 254.362 0.645584 -0.00149468 0.0117577 1.27981
 42 4.81397 1.78505e-08 255.007 254.296 0.711563 -0.00149468 0.0117577 1.27981
 43 4.81397 1.96356e-08 255.007 254.224 0.784124 -0.00149468 0.0117577 1.27981
 44 4.81397 2.15991e-08 255.007 254.144 0.86395 -0.00149468 0.0117577 1.27981
 45 4.81397 2.3759e-08 255.007 254.056 0.951738 -0.00149468 0.0117577 1.27981
 46 4.81397 2.61349e-08 255.007 253.96 1.0483 -0.00149468 0.0117577 1.27981
 47 4.81397 2.87484e-08 255.007 253.854 1.15448 -0.00149468 0.0117577 1.27981
 48 4.81397 3.16233e-08 255.007 253.737 1.27126 -0.00149468 0.0117577 1.27981
 49 4.81397 3.47856e-08 255.007 253.608 1.39966 -0.00149468 0.0117577 1.27981
 50 4.81397 3.82641e-08 255.007 253.467 1.54085 -0.00149468 0.0117577 1.27981
 51 4.81397 4.20906e-08 255.007 253.312 1.69605 -0.00149468 0.0117577 1.27981
 52 4.81397 4.62996e-08 255.006 253.141 1.8667 -0.00149468 0.0117576 1.2798
 53 4.81397 5.09296e-08 255.006 252.954 2.05424 -0.00149468 0.0117576 1.2798
 54 4.81397 5.60225e-08 255.006 252.748 2.26037 -0.00149468 0.0117576 1.2798
 55 4.81397 6.16248e-08 255.006 252.521 2.48685 -0.00149468 0.0117576 1.2798
 56 4.81397 6.77873e-08 255.006 252.272 2.7357 -0.00149468 0.0117576 1.2798
 57 4.81397 7.4566e-08 255.006 251.999 3.00903 -0.00149468 0.0117576 1.2798
 58 4.81397 8.20226e-08 255.006 251.699 3.30923 -0.00149468 0.0117576 1.27979
 59 4.81397 9.02249e-08 255.006 251.369 3.63881 -0.00149468 0.0117576 1.27979
 60 4.81397 9.92473e-08 255.006 251.007 4.00067 -0.00149468 0.0117576 1.27979
 61 4.81397 1.09172e-07 255.006 250.61 4.39768 -0.00149468 0.0117576 1.27979
 62 4.81397 1.20089e-07 255.006 250.174 4.83329 -0.00149468 0.0117576 1.27978
 63 4.81397 1.32098e-07 255.006 249.697 5.31092 -0.00149468 0.0117576 1.27978
 64 4.81397 1.45308e-07 255.006 249.173 5.8346 -0.00149468 0.0117576 1.27977
 65 4.81397 1.59839e-07 255.006 248.599 6.40834 -0.00149468 0.0117576 1.27977
 66 4.81397 1.75823e-07 255.006 247.97 7.03689 -0.00149468 0.0117576 1.27977
 67 4.81397 1.93405e-07 255.005 247.282 7.72472 -0.00149468 0.0117575 1.27976
 68 4.81397 2.12745e-07 255.005 246.529 8.47741 -0.00149468 0.0117575 1.27975
 69 4.81397 2.3402e-07 255.005 245.706 9.30027 -0.00149468 0.0117575 1.27975
 70 4.81397 2.57422e-07 255.005 244.807 10.1994 -0.00149468 0.0117575 1.27974
 71 4.81397 2.83164e-07 255.004 243.825 11.1809 -0.00149468 0.0117575 1.27973
 72 4.81397 3.11481e-07 255.004 242.754 12.2517 -0.00149468 0.0117575 1.27973
 73 4.81397 3.42629e-07 255.003 241.586 13.4184 -0.00149468 0.0117575 1.27972
 74 4.81397 3.76892e-07 255.002 240.315 14.6889 -0.00149468 0.0117575 1.27971
 75 4.81397 4.14581e-07 255.001 238.933 16.0702 -0.00149468 0.0117575 1.2797
 76 4.81397 4.56039e-07 255 237.431 17.5711 -0.00149468 0.0117575 1.27968
 77 4.81397 5.01643e-07 254.999 235.802 19.1987 -0.00149468 0.0117575 1.27967
 78 4.81397 5.51807e-07 254.997 234.037 20.9622 -0.00149468 0.0117575 1.27966
 79 4.81397 6.06988e-07 254.995 232.127 22.8694 -0.00149468 0.0117576 1.27964
 80 4.81397 6.67686e-07 254.993 230.066 24.9289 -0.00149468 0.0117576 1.27963
 81 4.81397 7.34455e-07 254.99 227.843 27.1484 -0.00149468 0.0117576 1.27961
 82 4.81398 8.07901e-07 254.987 225.452 29.5361 -0.00149468 0.0117576 1.27959
 83 4.81398 8.88691e-07 254.983 222.886 32.099 -0.00149468 0.0117576 1.27957
 84 4.81398 9.7756e-07 254.978 220.136 34.8444 -0.00149468 0.0117576 1.27955
 85 4.81398 1.07532e-06 254.973 217.196 37.7782 -0.00149468 0.0117576 1.27952
 86 4.81398 1.18285e-06 254.967 214.062 40.9064 -0.00149468 0.0117576 1.2795
 87 4.81398 1.30113e-06 254.959 210.729 44.2322 -0.00149468 0.0117577 1.27947
 88 4.81398 1.43125e-06 254.951 207.193 47.7595 -0.00149468 0.0117578 1.27944
 89 4.81398 1.45199e-06 254.948 203.745 51.2047 -0.00149468 0.0117579 1.27941
 90 4.81399 1.47063e-06 254.946 200.382 54.5655 -0.00149468 0.011758 1.27938
 91 4.81399 1.49052e-06 254.944 197.099 57.8469 -0.00149468 0.0117579 1.27935
 92 4.81399 1.51164e-06 254.942 193.891 61.0528 -0.00149468 0.0117579 1.27932
 93 4.81399 1.53399e-06 254.94 190.754 64.1878 -0.00149468 0.0117579 1.27929
 94 4.81399 1.55771e-06 254.938 187.684 67.255 -0.00149468 0.0117579 1.27927
 95 4.81399 1.58255e-06 254.936 184.679 70.2581 -0.00149468 0.0117579 1.27924
 96 4.81399 1.5945e-06 254.935 181.761 73.1746 -0.00149468 0.0117578 1.27921
 97 4.814 1.60624e-06 254.934 178.927 76.0081 -0.00149468 0.0117578 1.27918
 98 4.814 1.61829e-06 254.933 176.172 78.7616 -0.00149468 0.0117578 1.27916
 99 4.814 1.63132e-06 254.932 173.493 81.4398 -0.00149468 0.0117577 1.27913
 100 4.814 1.64464e-06 254.931 170.887 84.0451 -0.00149468 0.0117577 1.27911
 101 4.814 1.65881e-06 254.93 168.351 86.5811 -0.00149468 0.0117576 1.27908
 102 4.814 1.6736e-06 254.929 165.881 89.0499 -0.00149468 0.0117575 1.27906
 103 4.81401 1.68907e-06 254.929 163.475 91.4551 -0.00149468 0.0117574 1.27903
 104 4.81401 1.70488e-06 254.928 161.131 93.7983 -0.00149468 0.0117574 1.27901
 105 4.81401 1.72145e-06 254.928 158.847 96.0822 -0.00149468 0.0117572 1.27899
 106 4.81401 1.73829e-06 254.927 156.621 98.3075 -0.00149468 0.0117571 1.27896
 107 4.81401 1.75633e-06 254.927 154.451 100.477 -0.00149468 0.011757 1.27894
 108 4.81401 1.77425e-06 254.927 152.336 102.592 -0.00149468 0.0117568 1.27892
 109 4.81402 1.79299e-06 254.926 150.273 104.655 -0.00149468 0.0117566 1.2789
 110 4.81402 1.81239e-06 254.926 148.262 106.666 -0.00149468 0.0117564 1.27887
 111 4.81402 1.83232e-06 254.925 146.299 108.627 -0.00149468 0.0117569 1.27885
 112 4.81402 1.85219e-06 254.924 144.387 110.538 -0.00149468 0.0117572 1.27883
 113 4.81402 1.87235e-06 254.924 142.525 112.401 -0.00149468 0.0117575 1.2788
 114 4.81403 1.8928e-06 254.923 140.71 114.215 -0.00149468 0.0117578 1.27878
 115 4.81403 1.9151e-06 254.922 138.941 115.983 -0.00149468 0.0117582 1.27875
 116 4.81403 1.93638e-06 254.922 137.218 117.705 -0.00149468 0.0117586 1.27873
 117 4.81403 1.95811e-06 254.921 135.541 119.381 -0.00149468 0.0117589 1.27871
 118 4.81403 1.97935e-06 254.921 133.911 121.012 -0.00149468 0.0117592 1.27869
 119 4.81404 2.0005e-06 254.92 132.325 122.597 -0.00149468 0.0117596 1.27867
 120 4.81404 2.02187e-06 254.92 130.784 124.138 -0.00149468 0.0117598 1.27864
 121 4.81404 2.04127e-06 254.919 129.289 125.632 -0.00149468 0.0117602 1.27862
 122 4.81404 2.05855e-06 254.919 127.84 127.08 -0.00149468 0.0117605 1.2786
 123 4.81404 2.06292e-06 254.919 126.445 128.475 -0.00149468 0.0117609 1.27858
 124 4.81405 2.06655e-06 254.918 125.104 129.816 -0.00149468 0.0117612 1.27856
 125 4.81405 2.07191e-06 254.918 123.813 131.106 -0.00149468 0.0117616 1.27854
 126 4.81405 2.0775e-06 254.918 122.571 132.348 -0.00149468 0.0117621 1.27852
 127 4.81405 2.08464e-06 254.917 121.376 133.543 -0.00149468 0.0117624 1.27849
 128 4.81405 2.09254e-06 254.917 120.224 134.694 -0.00149468 0.0117628 1.27848
 129 4.81406 2.10126e-06 254.916 119.117 135.801 -0.00149468 0.0117631 1.27846
 130 4.81406 2.11094e-06 254.916 118.05 136.868 -0.00149468 0.0117634 1.27844
 131 4.81406 2.12207e-06 254.916 117.022 137.895 -0.00149468 0.0117637 1.27842
 132 4.81406 2.13399e-06 254.915 116.033 138.884 -0.00149468 0.0117638 1.2784
 133 4.81407 2.14766e-06 254.915 115.08 139.836 -0.00149468 0.011764 1.27838
 134 4.81407 2.16229e-06 254.914 114.162 140.754 -0.00149468 0.0117641 1.27836
 135 4.81407 2.17912e-06 254.914 113.278 141.637 -0.00149468 0.0117642 1.27834
 136 4.81407 2.196e-06 254.914 112.427 142.488 -0.00149468 0.0117644 1.27833
 137 4.81407 2.21421e-06 254.913 111.609 143.306 -0.00149468 0.0117646 1.27831
 138 4.81408 2.23182e-06 254.913 110.821 144.093 -0.00149468 0.0117647 1.27829
 139 4.81408 2.25119e-06 254.912 110.064 144.849 -0.00149468 0.0117649 1.27827
 140 4.81408 2.27194e-06 254.912 109.337 145.576 -0.00149468 0.0117649 1.27826
 141 4.81408 2.29331e-06 254.912 108.639 146.274 -0.00149468 0.0117649 1.27824
 142 4.81409 2.31873e-06 254.911 107.968 146.945 -0.00149468 0.0117648 1.27822
 143 4.81409 2.33163e-06 254.911 107.327 147.585 -0.00149468 0.0117645 1.27821
 144 4.81409 2.34281e-06 254.911 106.716 148.196 -0.00149468 0.0117644 1.27819
 145 4.81409 2.35461e-06 254.91 106.135 148.777 -0.00149468 0.0117641 1.27818
 146 4.81409 2.36724e-06 254.91 105.581 149.33 -0.00149468 0.0117639 1.27816
 147 4.8141 2.3805e-06 254.91 105.056 149.856 -0.00149468 0.0117638 1.27815
 148 4.8141 2.39426e-06 254.909 104.556 150.355 -0.00149468 0.0117635 1.27813
 149 4.8141 2.41042e-06 254.909 104.082 150.828 -0.00149468 0.0117631 1.27812
 150 4.8141 2.42507e-06 254.909 103.634 151.276 -0.00149468 0.0117629 1.2781
 151 4.81411 2.41044e-06 254.909 103.215 151.695 -0.00149468 0.0117626 1.27809
 152 4.81411 2.39754e-06 254.908 102.825 152.085 -0.00149468 0.0117623 1.27808
 153 4.81411 2.38549e-06 254.908 102.461 152.448 -0.00149468 0.011762 1.27806
 154 4.81411 2.37536e-06 254.908 102.123 152.786 -0.00149467 0.0117615 1.27805
 155 4.81412 2.36564e-06 254.908 101.809 153.101 -0.00149467 0.0117611 1.27804
 156 4.81412 2.35668e-06 254.908 101.518 153.391 -0.00149467 0.0117607 1.27803
 157 4.81412 2.3485e-06 254.907 101.249 153.66 -0.00149467 0.0117601 1.27802
 158 4.81412 2.34237e-06 254.907 101.002 153.907 -0.00149467 0.0117597 1.27801
 159 4.81413 2.33705e-06 254.907 100.775 154.134 -0.00149467 0.0117591 1.278
 160 4.81413 2.33593e-06 254.907 100.567 154.342 -0.00149467 0.0117586 1.27799
 161 4.81413 2.3363e-06 254.907 100.378 154.531 -0.00149467 0.0117582 1.27798
 162 4.81413 2.33856e-06 254.907 100.207 154.702 -0.00149467 0.0117576 1.27797
 163 4.81413 2.34073e-06 254.907 100.054 154.855 -0.00149467 0.0117571 1.27796
 164 4.81414 2.34093e-06 254.907 99.9176 154.991 -0.00149467 0.0117565 1.27795
 165 4.81414 2.34275e-06 254.907 99.7983 155.11 -0.00149467 0.0117561 1.27794
 166 4.81414 2.34656e-06 254.907 99.6953 155.213 -0.00149467 0.0117557 1.27794
 167 4.81414 2.35515e-06 254.907 99.6078 155.3 -0.00149467 0.0117553 1.27793
 168 4.81415 2.36376e-06 254.907 99.5359 155.372 -0.00149467 0.0117551 1.27792
 169 4.81415 2.37559e-06 254.907 99.4792 155.429 -0.00149467 0.0117546 1.27791
 170 4.81415 2.38785e-06 254.907 99.4376 155.471 -0.00149467 0.011754 1.27791
 171 4.81415 2.40015e-06 254.907 99.4105 155.498 -0.00149467 0.0117535 1.2779
 172 4.81416 2.41203e-06 254.907 99.3979 155.511 -0.00149467 0.0117528 1.27789
 173 4.81416 2.4248e-06 254.907 99.3997 155.509 -0.00149467 0.0117523 1.27789
 174 4.81416 2.43876e-06 254.907 99.4156 155.493 -0.00149467 0.0117516 1.27788
 175 4.81416 2.45561e-06 254.907 99.4455 155.463 -0.00149467 0.0117509 1.27787
 176 4.81417 2.47129e-06 254.908 99.4892 155.42 -0.00149467 0.01175 1.27787
 177 4.81417 2.4881e-06 254.908 99.5468 155.362 -0.00149467 0.0117494 1.27786
 178 4.81417 2.50569e-06 254.907 99.617 155.292 -0.00149467 0.0117491 1.27786
 179 4.81417 2.52631e-06 254.907 99.7013 155.208 -0.00149467 0.0117486 1.27785
 180 4.81418 2.54493e-06 254.907 99.7991 155.11 -0.00149467 0.0117482 1.27784
 181 4.81418 2.56227e-06 254.907 99.9102 154.999 -0.00149467 0.0117478 1.27784
 182 4.81418 2.57964e-06 254.907 100.034 154.875 -0.00149467 0.0117474 1.27783
 183 4.81418 2.59742e-06 254.907 100.171 154.737 -0.00149467 0.0117465 1.27783
 184 4.81419 2.61562e-06 254.907 100.321 154.587 -0.00149467 0.0117456 1.27782
 185 4.81419 2.63437e-06 254.907 100.484 154.424 -0.00149467 0.0117448 1.27782
 186 4.81419 2.65302e-06 254.906 100.659 154.249 -0.00149467 0.011744 1.27781
 187 4.81419 2.67437e-06 254.906 100.847 154.06 -0.00149467 0.0117431 1.27781
 188 4.8142 2.70027e-06 254.906 101.049 153.859 -0.00149467 0.0117422 1.27781
 189 4.8142 2.72394e-06 254.906 101.263 153.645 -0.00149467 0.0117412 1.2778
 190 4.8142 2.7461e-06 254.906 101.49 153.418 -0.00149467 0.0117402 1.2778
 191 4.81421 2.76837e-06 254.906 101.729 153.178 -0.00149467 0.0117394 1.27779
 192 4.81421 2.793e-06 254.906 101.982 152.926 -0.00149467 0.0117385 1.27779
 193 4.81421 2.81789e-06 254.906 102.247 152.661 -0.00149467 0.0117375 1.27779
 194 4.81421 2.84305e-06 254.906 102.525 152.383 -0.00149467 0.0117374 1.27778
 195 4.81422 2.86805e-06 254.906 102.816 152.092 -0.00149467 0.0117371 1.27777
 196 4.81422 2.87232e-06 254.906 103.117 151.791 -0.00149467 0.0117366 1.27777
 197 4.81422 2.87781e-06 254.907 103.428 151.48 -0.00149467 0.0117358 1.27776
 198 4.81423 2.88055e-06 254.907 103.749 151.159 -0.00149467 0.0117351 1.27776
 199 4.81423 2.88057e-06 254.907 104.079 150.83 -0.00149467 0.0117344 1.27775
 200 4.81423 2.8774e-06 254.907 104.417 150.492 -0.00149467 0.0117335 1.27775
 201 4.81423 2.88034e-06 254.908 104.764 150.145 -0.00149467 0.0117326 1.27775
 202 4.81424 2.88351e-06 254.908 105.119 149.791 -0.00149467 0.0117317 1.27774
 203 4.81424 2.88683e-06 254.909 105.483 149.428 -0.00149467 0.0117308 1.27774
 204 4.81424 2.89035e-06 254.909 105.854 149.057 -0.00149467 0.0117302 1.27774
 205 4.81425 2.89381e-06 254.91 106.233 148.678 -0.00149466 0.0117295 1.27774
 206 4.81425 2.90055e-06 254.91 106.62 148.292 -0.00149466 0.0117289 1.27774
 207 4.81425 2.90112e-06 254.911 107.014 147.899 -0.00149466 0.0117282 1.27773
 208 4.81425 2.90538e-06 254.912 107.415 147.499 -0.00149466 0.0117276 1.27774
 209 4.81426 2.90922e-06 254.913 107.822 147.092 -0.00149466 0.0117266 1.27774
 210 4.81426 2.91152e-06 254.914 108.236 146.679 -0.00149466 0.0117258 1.27774
 211 4.81426 2.91395e-06 254.915 108.656 146.26 -0.00149466 0.0117249 1.27774
 212 4.81427 2.91682e-06 254.916 109.082 145.835 -0.00149466 0.0117239 1.27774
 213 4.81427 2.91987e-06 254.917 109.514 145.405 -0.00149466 0.0117231 1.27774
 214 4.81427 2.92182e-06 254.918 109.951 144.969 -0.00149466 0.0117222 1.27774
 215 4.81427 2.92453e-06 254.919 110.393 144.528 -0.00149466 0.0117214 1.27774
 216 4.81428 2.92441e-06 254.921 110.841 144.082 -0.00149466 0.0117206 1.27774
 217 4.81428 2.92521e-06 254.922 111.292 143.631 -0.00149466 0.0117198 1.27775
 218 4.81428 2.92673e-06 254.923 111.749 143.176 -0.00149466 0.0117189 1.27775
 219 4.81429 2.92865e-06 254.924 112.209 142.717 -0.00149466 0.0117178 1.27775
 220 4.81429 2.93162e-06 254.926 112.674 142.253 -0.00149466 0.0117168 1.27776
 221 4.81429 2.93547e-06 254.927 113.144 141.784 -0.00149466 0.0117157 1.27776
 222 4.8143 2.94007e-06 254.928 113.618 141.311 -0.00149466 0.0117145 1.27777
 223 4.8143 2.94525e-06 254.929 114.097 140.834 -0.00149466 0.0117133 1.27777
 224 4.8143 2.95126e-06 254.931 114.58 140.352 -0.00149466 0.011712 1.27778
 225 4.8143 2.95227e-06 254.932 115.067 139.867 -0.00149466 0.0117108 1.27778
 226 4.81431 2.94838e-06 254.933 115.556 139.379 -0.00149466 0.01171 1.27779
 227 4.81431 2.94877e-06 254.934 116.048 138.888 -0.00149466 0.011709 1.27779
 228 4.81431 2.94966e-06 254.935 116.543 138.394 -0.00149466 0.0117078 1.2778
 229 4.81432 2.94758e-06 254.937 117.041 137.897 -0.00149466 0.0117066 1.2778
 230 4.81432 2.94634e-06 254.938 117.541 137.398 -0.00149466 0.0117054 1.27781
 231 4.81432 2.9459e-06 254.939 118.043 136.897 -0.00149466 0.0117036 1.27781
 232 4.81432 2.94607e-06 254.94 118.548 136.393 -0.00149466 0.0117015 1.27782
 233 4.81433 2.94701e-06 254.941 119.055 135.888 -0.00149466 0.0116991 1.27783
 234 4.81433 2.94488e-06 254.942 119.564 135.38 -0.00149466 0.011697 1.27784
 235 4.81433 2.95063e-06 254.943 120.076 134.869 -0.00149466 0.0116946 1.27786
 236 4.81434 2.95326e-06 254.944 120.59 134.356 -0.00149466 0.0116924 1.27787
 237 4.81434 2.95657e-06 254.945 121.106 133.841 -0.00149466 0.0116901 1.27788
 238 4.81434 2.96761e-06 254.946 121.626 133.322 -0.00149466 0.011688 1.27789
 239 4.81435 2.96217e-06 254.947 122.146 132.803 -0.00149466 0.0116862 1.27791
 240 4.81435 2.97474e-06 254.948 122.67 132.28 -0.00149466 0.0116838 1.27792
 241 4.81435 2.9809e-06 254.949 123.196 131.754 -0.00149465 0.011681 1.27794
 242 4.81435 2.98778e-06 254.95 123.725 131.227 -0.00149465 0.0116786 1.27795
 243 4.81436 2.99147e-06 254.951 124.255 130.697 -0.00149465 0.011676 1.27796
 244 4.81436 2.99912e-06 254.951 124.787 130.165 -0.00149465 0.0116738 1.27798
 245 4.81436 3.00644e-06 254.952 125.322 129.631 -0.00149465 0.0116718 1.27799
 246 4.81437 3.0149e-06 254.953 125.859 129.095 -0.00149465 0.0116699 1.278
 247 4.81437 3.02406e-06 254.953 126.398 128.557 -0.00149465 0.0116677 1.27802
 248 4.81437 3.03404e-06 254.954 126.939 128.016 -0.00149465 0.0116655 1.27803
 249 4.81438 3.04494e-06 254.955 127.483 127.474 -0.00149465 0.0116631 1.27805
 250 4.81438 3.05758e-06 254.955 128.028 126.928 -0.00149465 0.0116604 1.27806
 251 4.81438 3.05588e-06 254.956 128.574 126.384 -0.00149465 0.0116577 1.27808
 252 4.81438 3.05496e-06 254.957 129.119 125.839 -0.00149465 0.0116549 1.27809
 253 4.81439 3.0575e-06 254.957 129.664 125.295 -0.00149465 0.0116524 1.2781
 254 4.81439 3.05837e-06 254.958 130.208 124.751 -0.00149465 0.01165 1.27812
 255 4.81439 3.06263e-06 254.958 130.753 124.206 -0.00149465 0.0116476 1.27813
 256 4.8144 3.06789e-06 254.958 131.298 123.662 -0.00149465 0.0116446 1.27815
 257 4.8144 3.07398e-06 254.959 131.843 123.118 -0.00149465 0.0116418 1.27816
 258 4.8144 3.07879e-06 254.959 132.387 122.574 -0.00149465 0.0116389 1.27818
 259 4.81441 3.08704e-06 254.96 132.931 122.03 -0.00149465 0.0116361 1.27819
 260 4.81441 3.09616e-06 254.96 133.476 121.486 -0.00149465 0.0116332 1.2782
 261 4.81441 3.1063e-06 254.961 134.02 120.942 -0.00149465 0.0116302 1.27821
 262 4.81442 3.11512e-06 254.961 134.564 120.399 -0.00149465 0.0116273 1.27823
 263 4.81442 3.12745e-06 254.962 135.108 119.855 -0.00149465 0.0116241 1.27824
 264 4.81442 3.14315e-06 254.962 135.653 119.311 -0.00149465 0.0116213 1.27825
 265 4.81442 3.15554e-06 254.962 136.197 118.767 -0.00149465 0.0116192 1.27827
 266 4.81443 3.17373e-06 254.963 136.741 118.223 -0.00149465 0.0116169 1.27828
 267 4.81443 3.19099e-06 254.963 137.286 117.678 -0.00149465 0.0116147 1.27829
 268 4.81443 3.2103e-06 254.964 137.832 117.134 -0.00149465 0.0116129 1.2783
 269 4.81444 3.23159e-06 254.964 138.377 116.588 -0.00149465 0.0116114 1.27832
 270 4.81444 3.25458e-06 254.964 138.923 116.042 -0.00149465 0.0116094 1.27833
 271 4.81444 3.27936e-06 254.965 139.471 115.496 -0.00149465 0.011608 1.27834
 272 4.81445 3.30613e-06 254.965 140.018 114.949 -0.00149465 0.011606 1.27835
 273 4.81445 3.33514e-06 254.966 140.567 114.4 -0.00149464 0.0116036 1.27837
 274 4.81445 3.36642e-06 254.967 141.116 113.852 -0.00149464 0.0116013 1.27838
 275 4.81446 3.40488e-06 254.968 141.668 113.301 -0.00149464 0.011599 1.2784
 276 4.81446 3.44101e-06 254.969 142.221 112.749 -0.00149464 0.0115965 1.27842
 277 4.81446 3.48235e-06 254.97 142.776 112.195 -0.00149464 0.011594 1.27843
 278 4.81447 3.52923e-06 254.971 143.334 111.639 -0.00149464 0.011591 1.27845
 279 4.81447 3.57918e-06 254.972 143.894 111.08 -0.00149464 0.0115881 1.27847
 280 4.81448 3.62791e-06 254.973 144.456 110.519 -0.00149464 0.0115853 1.27848
 281 4.81448 3.67442e-06 254.975 145.02 109.956 -0.00149464 0.0115828 1.2785
 282 4.81448 3.66948e-06 254.975 145.577 109.4 -0.00149464 0.0115803 1.27851
 283 4.81449 3.66688e-06 254.976 146.128 108.85 -0.00149464 0.0115778 1.27852
 284 4.81449 3.66848e-06 254.977 146.674 108.305 -0.00149464 0.0115755 1.27854
 285 4.81449 3.66787e-06 254.978 147.213 107.766 -0.00149464 0.0115741 1.27855
 286 4.8145 3.67358e-06 254.978 147.747 107.232 -0.00149464 0.0115725 1.27856
 287 4.8145 3.68089e-06 254.979 148.277 106.703 -0.00149464 0.0115714 1.27857
 288 4.8145 3.68777e-06 254.979 148.801 106.179 -0.00149464 0.0115704 1.27858
 289 4.81451 3.69491e-06 254.98 149.321 105.66 -0.00149464 0.0115693 1.2786
 290 4.81451 3.7077e-06 254.98 149.836 105.145 -0.00149464 0.0115685 1.27861
 291 4.81452 3.72242e-06 254.981 150.348 104.634 -0.00149464 0.0115674 1.27862
 292 4.81452 3.73726e-06 254.981 150.855 104.127 -0.00149464 0.0115668 1.27863
 293 4.81452 3.75769e-06 254.981 151.359 103.623 -0.00149464 0.0115661 1.27864
 294 4.81453 3.77623e-06 254.982 151.86 103.123 -0.00149464 0.0115659 1.27865
 295 4.81453 3.79643e-06 254.982 152.357 102.627 -0.00149464 0.0115658 1.27866
 296 4.81453 3.82221e-06 254.982 152.851 102.133 -0.00149464 0.0115657 1.27867
 297 4.81454 3.84633e-06 254.982 153.342 101.642 -0.00149463 0.011566 1.27868
 298 4.81454 3.87583e-06 254.982 153.831 101.153 -0.00149463 0.0115672 1.27869
 299 4.81455 3.90557e-06 254.982 154.316 100.667 -0.00149463 0.0115692 1.2787
 300 4.81455 3.93596e-06 254.982 154.8 100.184 -0.00149463 0.0115707 1.27871
 301 4.81455 3.96984e-06 254.982 155.281 99.7024 -0.00149463 0.0115724 1.27872
 302 4.81456 4.00603e-06 254.982 155.761 99.2228 -0.00149463 0.0115743 1.27872
 303 4.81456 4.04566e-06 254.982 156.239 98.7448 -0.00149463 0.0115761 1.27873
 304 4.81457 4.08765e-06 254.982 156.715 98.2681 -0.00149463 0.0115778 1.27874
 305 4.81457 4.13276e-06 254.981 157.19 97.7924 -0.00149463 0.0115797 1.27875
 306 4.81457 4.18096e-06 254.981 157.665 97.3174 -0.00149463 0.0115812 1.27876
 307 4.81458 4.23239e-06 254.981 158.139 96.843 -0.00149463 0.011583 1.27877
 308 4.81458 4.28711e-06 254.98 158.613 96.3687 -0.00149463 0.0115847 1.27878
 309 4.81459 4.35073e-06 254.98 159.087 95.8939 -0.00149463 0.0115862 1.27879
 310 4.81459 4.41499e-06 254.979 159.562 95.4186 -0.00149463 0.0115882 1.2788
 311 4.8146 4.48586e-06 254.978 160.038 94.9421 -0.00149463 0.0115904 1.2788
 312 4.8146 4.537e-06 254.978 160.512 94.4668 -0.00149463 0.0115929 1.27882
 313 4.81461 4.55267e-06 254.977 160.982 93.9963 -0.00149463 0.0115954 1.27882
 314 4.81461 4.56912e-06 254.976 161.447 93.5304 -0.00149463 0.0115979 1.27883
 315 4.81461 4.58864e-06 254.975 161.908 93.069 -0.00149463 0.0116008 1.27884
 316 4.81462 4.61105e-06 254.974 162.364 92.6115 -0.00149463 0.0116043 1.27884
 317 4.81462 4.63164e-06 254.973 162.816 92.1583 -0.00149463 0.0116081 1.27885
 318 4.81463 4.65744e-06 254.972 163.265 91.7085 -0.00149463 0.0116118 1.27886
 319 4.81463 4.68586e-06 254.971 163.71 91.2619 -0.00149462 0.0116144 1.27886
 320 4.81464 4.71699e-06 254.969 164.152 90.8184 -0.00149459 0.0116169 1.27887
 321 4.81464 4.75284e-06 254.968 164.592 90.3773 -0.00149459 0.0116197 1.27888
 322 4.81465 4.79052e-06 254.967 165.03 89.9388 -0.00149459 0.0116225 1.27888
 323 4.81465 4.82718e-06 254.966 165.464 89.5027 -0.00149459 0.0116261 1.27889
 324 4.81466 4.86558e-06 254.964 165.897 89.069 -0.00149459 0.0116297 1.2789
 325 4.81466 4.88561e-06 254.963 166.325 88.6394 -0.00149458 0.0116334 1.2789
 326 4.81467 4.86879e-06 254.961 166.745 88.2169 -0.00149458 0.0116365 1.27891
 327 4.81467 4.85413e-06 254.959 167.159 87.8012 -0.00149458 0.0116397 1.27891
 328 4.81468 4.84174e-06 254.957 167.566 87.392 -0.00149458 0.011643 1.27892
 329 4.81468 4.83141e-06 254.955 167.968 86.9889 -0.00149458 0.0116463 1.27892
 330 4.81469 4.82106e-06 254.953 168.362 86.5918 -0.00149458 0.0116501 1.27892
 331 4.81469 4.81269e-06 254.951 168.752 86.2005 -0.00149458 0.0116536 1.27893
 332 4.8147 4.80663e-06 254.948 169.135 85.8145 -0.00149458 0.0116573 1.27893
 333 4.8147 4.80162e-06 254.947 169.514 85.4344 -0.00149458 0.0116592 1.27894
 334 4.81471 4.79572e-06 254.946 169.888 85.0594 -0.00149458 0.0116615 1.27895
 335 4.81471 4.7957e-06 254.945 170.257 84.6893 -0.00149458 0.0116637 1.27896
 336 4.81471 4.7983e-06 254.944 170.622 84.3236 -0.00149458 0.0116659 1.27897
 337 4.81472 4.80298e-06 254.943 170.982 83.9621 -0.00149458 0.011668 1.27899
 338 4.81472 4.80981e-06 254.942 171.339 83.6048 -0.00149458 0.0116691 1.279
 339 4.81473 4.81884e-06 254.941 171.691 83.2512 -0.00149458 0.0116704 1.27901
 340 4.81473 4.83015e-06 254.94 172.041 82.9011 -0.00149458 0.011672 1.27902
 341 4.81474 4.84605e-06 254.94 172.387 82.5544 -0.00149458 0.0116732 1.27904
 342 4.81474 4.86602e-06 254.939 172.73 82.2105 -0.00149458 0.0116749 1.27905
 343 4.81475 4.88587e-06 254.938 173.07 81.8694 -0.00149458 0.0116761 1.27906
 344 4.81475 4.90786e-06 254.938 173.408 81.5311 -0.00149458 0.0116774 1.27908
 345 4.81476 4.93164e-06 254.937 173.744 81.1953 -0.00149457 0.0116788 1.27909
 346 4.81476 4.95788e-06 254.937 174.077 80.8618 -0.00149457 0.0116805 1.2791
 347 4.81477 4.98584e-06 254.936 174.407 80.5306 -0.00149457 0.0116819 1.27911
 348 4.81477 5.01641e-06 254.936 174.736 80.2015 -0.00149457 0.0116834 1.27913
 349 4.81478 5.04929e-06 254.936 175.063 79.8743 -0.00149457 0.0116847 1.27914
 350 4.81478 5.08437e-06 254.935 175.388 79.549 -0.00149457 0.0116858 1.27916
 351 4.81479 5.12205e-06 254.935 175.711 79.2253 -0.00149457 0.0116873 1.27917
 352 4.81479 5.1622e-06 254.935 176.033 78.903 -0.00149457 0.011689 1.27918
 353 4.8148 5.20373e-06 254.935 176.354 78.5823 -0.00149457 0.0116912 1.2792
 354 4.8148 5.25103e-06 254.935 176.674 78.2627 -0.00149457 0.0116933 1.27921
 355 4.81481 5.2996e-06 254.935 176.993 77.9441 -0.00149457 0.0116956 1.27922
 356 4.81482 5.35141e-06 254.935 177.31 77.6265 -0.00149457 0.0116978 1.27924
 357 4.81482 5.40713e-06 254.935 177.628 77.3095 -0.00149457 0.0116994 1.27925
 358 4.81483 5.46662e-06 254.936 177.944 76.993 -0.00149457 0.0117013 1.27927
 359 4.81483 5.52896e-06 254.936 178.261 76.6771 -0.00149457 0.011703 1.27928
 360 4.81484 5.57751e-06 254.937 178.576 76.3624 -0.00149457 0.0117042 1.2793
 361 4.81484 5.58763e-06 254.937 178.887 76.0511 -0.00149457 0.0117055 1.27931
 362 4.81485 5.59651e-06 254.937 179.196 75.7433 -0.00149457 0.0117065 1.27933
 363 4.81485 5.61338e-06 254.938 179.501 75.4384 -0.00149456 0.0117075 1.27934
 364 4.81486 5.63088e-06 254.938 179.803 75.1365 -0.00149456 0.0117086 1.27936
 365 4.81487 5.65102e-06 254.939 180.103 74.8372 -0.00149456 0.0117097 1.27937
 366 4.81487 5.67008e-06 254.939 180.4 74.5407 -0.00149456 0.0117106 1.27938
 367 4.81488 5.65124e-06 254.94 180.692 74.2488 -0.00149456 0.0117116 1.27939
 368 4.81488 5.63593e-06 254.94 180.981 73.9611 -0.00149456 0.0117122 1.2794
 369 4.81489 5.62381e-06 254.941 181.265 73.6775 -0.00149456 0.0117133 1.27941
 370 4.81489 5.61637e-06 254.941 181.545 73.3975 -0.00149456 0.0117151 1.27942
 371 4.8149 5.61243e-06 254.942 181.822 73.121 -0.00149456 0.0117166 1.27943
 372 4.8149 5.60651e-06 254.942 182.096 72.8479 -0.00149456 0.0117177 1.27943
 373 4.81491 5.60292e-06 254.943 182.366 72.5779 -0.00149456 0.0117197 1.27943
 374 4.81492 5.60216e-06 254.943 182.634 72.311 -0.00149456 0.0117221 1.27944
 375 4.81492 5.60452e-06 254.944 182.899 72.0467 -0.00149456 0.0117246 1.27944
 376 4.81493 5.59514e-06 254.945 183.16 71.7858 -0.00149456 0.0117269 1.27944
 377 4.81493 5.60009e-06 254.945 183.42 71.5273 -0.00149456 0.0117294 1.27945
 378 4.81494 5.60975e-06 254.946 183.677 71.271 -0.00149455 0.0117321 1.27945
 379 4.81494 5.62246e-06 254.947 183.932 71.0167 -0.00149455 0.0117346 1.27945
 380 4.81495 5.63807e-06 254.948 184.185 70.7643 -0.00149455 0.0117375 1.27945
 381 4.81496 5.65491e-06 254.949 184.437 70.5135 -0.00149455 0.0117401 1.27945
 382 4.81496 5.67554e-06 254.95 184.687 70.2643 -0.00149455 0.0117427 1.27945
 383 4.81497 5.69601e-06 254.95 184.935 70.0166 -0.00149455 0.0117453 1.27945
 384 4.81497 5.71894e-06 254.951 185.182 69.7701 -0.00149455 0.0117476 1.27944
 385 4.81498 5.74435e-06 254.952 185.428 69.5249 -0.00149455 0.0117501 1.27944
 386 4.81498 5.77355e-06 254.953 185.673 69.2806 -0.00149455 0.0117528 1.27944
 387 4.81499 5.80449e-06 254.953 185.918 69.0373 -0.00149455 0.0117549 1.27944
 388 4.815 5.83816e-06 254.954 186.161 68.7947 -0.00149455 0.0117573 1.27943
 389 4.815 5.86416e-06 254.955 186.403 68.5532 -0.00149455 0.0117596 1.27943
 390 4.81501 5.89828e-06 254.955 186.644 68.3125 -0.00149455 0.0117606 1.27941
 391 4.81501 5.93266e-06 254.955 186.884 68.0725 -0.00149455 0.0117616 1.2794
 392 4.81502 5.96982e-06 254.956 187.124 67.833 -0.00149455 0.0117629 1.27938
 393 4.81503 6.01173e-06 254.956 187.364 67.5941 -0.00149455 0.011764 1.27937
 394 4.81503 6.05509e-06 254.957 187.603 67.3555 -0.00149455 0.0117656 1.27936
 395 4.81504 6.09865e-06 254.958 187.842 67.1173 -0.00149454 0.0117673 1.27935
 396 4.81504 6.13817e-06 254.959 188.081 66.8797 -0.00149454 0.011769 1.27933
 397 4.81505 6.17818e-06 254.96 188.319 66.6426 -0.00149454 0.0117708 1.27932
 398 4.81506 6.22111e-06 254.961 188.556 66.406 -0.00149454 0.0117719 1.2793
 399 4.81506 6.26761e-06 254.962 188.793 66.1696 -0.00149454 0.0117731 1.27928
 400 4.81507 6.31599e-06 254.963 189.031 65.9335 -0.00149454 0.0117744 1.27927
 401 4.81507 6.36824e-06 254.963 189.268 65.6974 -0.00149454 0.0117767 1.27924
 402 4.81508 6.42346e-06 254.965 189.505 65.4613 -0.00149454 0.0117787 1.27922
 403 4.81509 6.48091e-06 254.966 189.742 65.2252 -0.00149454 0.0117805 1.2792
 404 4.81509 6.54359e-06 254.967 189.98 64.9887 -0.00149454 0.0117823 1.27918
 405 4.8151 6.61175e-06 254.968 190.218 64.752 -0.00149454 0.0117846 1.27916
 406 4.81511 6.6768e-06 254.969 190.456 64.515 -0.00149454 0.0117865 1.27914
 407 4.81511 6.75405e-06 254.971 190.695 64.2774 -0.00149454 0.0117877 1.27913
 408 4.81512 6.82786e-06 254.972 190.935 64.0394 -0.00149454 0.0117892 1.27911
 409 4.81513 6.91028e-06 254.974 191.175 63.8006 -0.00149454 0.0117912 1.27909
 410 4.81513 6.98793e-06 253.349 189.798 63.5527 -0.00149452 0.0119902 1.27295
 411 4.81514 7.07643e-06 253.352 190.045 63.3084 -0.00149452 0.0119907 1.27296
 412 4.81515 7.16594e-06 253.354 190.29 63.0649 -0.00149452 0.0119923 1.27296
 413 4.81516 7.26331e-06 253.356 190.537 62.8204 -0.00149452 0.0119936 1.27296
 414 4.81516 7.36015e-06 251.399 188.868 62.5322 -0.00149451 0.0137529 1.26487
 415 4.81517 7.45983e-06 249.171 186.887 62.2854 -0.0014945 0.0138385 1.25834
 416 4.81518 7.55803e-06 249.172 187.137 62.0369 -0.0014945 0.0138433 1.25832
 417 4.81519 7.62518e-06 249.174 187.385 61.7898 -0.0014945 0.0138468 1.25832
 418 4.81519 7.69955e-06 249.175 187.633 61.543 -0.0014945 0.0138501 1.25832
 419 4.8152 7.71321e-06 249.176 187.879 61.2986 -0.0014945 0.0138525 1.25831
 420 4.81521 7.72339e-06 249.177 188.122 61.0566 -0.0014945 0.0138547 1.25831
 421 4.81522 7.72024e-06 249.178 188.362 60.8177 -0.0014945 0.0138568 1.2583
 422 4.81522 7.66596e-06 249.179 188.598 60.5832 -0.0014945 0.0138585 1.2583
 423 4.81523 7.61944e-06 249.18 188.829 60.3528 -0.00149449 0.0138607 1.25829
 424 4.81524 7.57854e-06 249.181 189.056 60.1263 -0.00149449 0.0138628 1.25829
 425 4.81525 7.54082e-06 249.182 189.28 59.9037 -0.00149449 0.0138658 1.25828
 426 4.81526 7.50862e-06 249.183 189.499 59.6847 -0.00149449 0.0138697 1.25827
 427 4.81526 7.46715e-06 249.183 189.715 59.4696 -0.00149449 0.0138734 1.25827
 428 4.81527 7.4359e-06 249.184 189.928 59.258 -0.00149449 0.0138769 1.25826
 429 4.81528 7.4026e-06 249.185 190.136 59.05 -0.00149449 0.0138803 1.25825
 430 4.81528 7.37408e-06 249.185 190.342 58.8452 -0.00149449 0.0138839 1.25825
 431 4.81529 7.35008e-06 249.186 190.544 58.6436 -0.00149449 0.0138871 1.25824
 432 4.8153 7.3289e-06 247.151 188.709 58.444 -0.00149448 0.0125113 1.25122
 433 4.81531 7.31186e-06 247.152 188.905 58.2484 -0.00149448 0.0125142 1.25121
 434 4.81531 7.29934e-06 247.153 189.098 58.0556 -0.00149448 0.0125167 1.25121
 435 4.81532 7.28965e-06 247.154 189.29 57.8655 -0.00149448 0.0125195 1.25121
 436 4.81533 7.28085e-06 247.155 189.478 57.6779 -0.00149448 0.0125222 1.2512
 437 4.81534 7.27208e-06 247.156 189.664 57.4929 -0.00149448 0.0125247 1.2512
 438 4.81534 7.26574e-06 245.865 188.556 57.3102 -0.00149447 0.0110785 1.24735
 439 4.81535 7.26357e-06 245.866 188.738 57.1297 -0.00149447 0.0110811 1.24735
 440 4.81536 7.26664e-06 244.376 187.426 56.9511 -0.00149445 0.0127347 1.24103
 441 4.81537 7.26499e-06 244.377 187.603 56.7749 -0.00149445 0.0127371 1.24102
 442 4.81537 7.26735e-06 241.884 185.286 56.6002 -0.00149443 0.0104691 1.23207
 443 4.81538 7.27429e-06 240.06 183.634 56.428 -0.00149441 0.0120967 1.227
 444 4.81539 7.28312e-06 238.414 182.158 56.2575 -0.0014944 0.0137804 1.22219
 445 4.81539 7.29217e-06 238.415 182.328 56.0889 -0.0014944 0.0137828 1.22219
 446 4.8154 7.30277e-06 238.416 182.496 55.9219 -0.00149439 0.0137855 1.22218
 447 4.81541 7.31708e-06 238.417 182.662 55.7565 -0.00149439 0.0137881 1.22218
 448 4.81542 7.331e-06 238.418 182.827 55.5927 -0.00149439 0.0137905 1.22218
 449 4.81542 7.34876e-06 236.783 181.354 55.4303 -0.00149438 0.0144806 1.21573
 450 4.81543 7.36714e-06 236.784 181.516 55.2693 -0.00149438 0.0144824 1.21573
 451 4.81544 7.38762e-06 236.785 181.677 55.1096 -0.00149438 0.014484 1.21572
 452 4.81545 7.409e-06 236.786 181.836 54.9512 -0.00149438 0.0144857 1.21572
 453 4.81545 7.43591e-06 236.787 181.994 54.7939 -0.00149438 0.0144876 1.21572
 454 4.81546 7.46108e-06 236.788 182.151 54.6378 -0.00149438 0.0144891 1.21571
 455 4.81547 7.48895e-06 235.806 181.325 54.4827 -0.00149437 0.015499 1.21304
 456 4.81548 7.52091e-06 234.054 179.727 54.3286 -0.00149436 0.0167852 1.20684
 457 4.81548 7.55621e-06 234.056 179.882 54.1756 -0.00149436 0.0167872 1.20684
 458 4.81549 7.59468e-06 234.057 180.035 54.0235 -0.00149436 0.0167888 1.20684
 459 4.8155 7.63338e-06 234.058 180.188 53.8723 -0.00149436 0.0167904 1.20684
 460 4.81551 7.67619e-06 234.06 180.34 53.7219 -0.00149436 0.0167919 1.20684
 461 4.81551 7.72125e-06 234.062 180.491 53.5723 -0.00149436 0.0167935 1.20684
 462 4.81552 7.77235e-06 234.063 180.641 53.4233 -0.00149436 0.016795 1.20684
 463 4.81553 7.82296e-06 232.987 179.714 53.2744 -0.00149434 0.0158156 1.20538
 464 4.81554 7.87624e-06 231.865 178.74 53.1266 -0.00149433 0.0146671 1.20107
 465 4.81555 7.93423e-06 231.867 178.889 52.9794 -0.00149433 0.0146685 1.20107
 466 4.81555 7.9958e-06 231.868 179.037 52.8327 -0.00149433 0.0146699 1.20107
 467 4.81556 8.06237e-06 231.87 179.185 52.6864 -0.00149433 0.0146715 1.20108
 468 4.81557 8.13229e-06 231.872 179.333 52.5403 -0.00149433 0.0146728 1.20108
 469 4.81558 8.20821e-06 231.874 179.481 52.3945 -0.00149433 0.0146744 1.20108
 470 4.81559 8.28783e-06 231.031 178.785 52.2476 -0.00149432 0.0152715 1.1991
 471 4.81559 8.54117e-06 230.634 178.537 52.0983 -0.00149431 0.0155486 1.19681
 472 4.8156 8.62657e-06 229.402 177.455 51.948 -0.00149429 0.0157504 1.19438
 473 4.81561 8.72312e-06 229.404 177.607 51.7984 -0.00149429 0.0157515 1.19438
 474 4.81562 8.81584e-06 229.406 177.758 51.6493 -0.00149429 0.0157531 1.19438
 475 4.81563 8.91839e-06 227.37 175.872 51.4999 -0.00149427 0.0175922 1.1884
 476 4.81564 9.02456e-06 227.372 176.023 51.3507 -0.00149427 0.0175923 1.1884
 477 4.81565 9.13525e-06 227.374 176.174 51.2013 -0.00149427 0.0175921 1.1884
 478 4.81566 9.24761e-06 226.239 175.189 51.0517 -0.00149426 0.0173693 1.18645
 479 4.81567 9.37136e-06 226.241 175.34 50.9018 -0.00149426 0.0173687 1.18645
 480 4.81568 9.49541e-06 226.243 175.492 50.7516 -0.00149426 0.0173682 1.18645
 481 4.81569 9.62719e-06 223.536 172.937 50.6006 -0.00149423 0.0186833 1.1791
 482 4.8157 9.76091e-06 222.703 172.269 50.4351 -0.00149422 0.0186284 1.17582
 483 4.81571 9.90035e-06 221.416 171.134 50.2843 -0.00149421 0.0170735 1.17107
 484 4.81572 1.00431e-05 220.142 170.011 50.1333 -0.00149419 0.0186442 1.1675
 485 4.81573 1.01959e-05 220.144 170.164 49.9818 -0.00149419 0.0186444 1.1675
 486 4.81574 1.03531e-05 219.695 169.866 49.8296 -0.00149418 0.0178441 1.16641
 487 4.81575 1.05221e-05 216.247 166.582 49.6664 -0.00149413 0.0152147 1.16002
 488 4.81576 1.06758e-05 214.041 164.53 49.5119 -0.00149411 0.0154425 1.15338
 489 4.81577 1.06785e-05 214.042 164.683 49.3604 -0.00149411 0.0154415 1.15338
 490 4.81578 1.06813e-05 214.044 164.835 49.2106 -0.00149411 0.0154404 1.15338
 491 4.81579 1.06858e-05 214.045 164.984 49.0625 -0.00149411 0.0154394 1.15338
 492 4.8158 1.06929e-05 214.047 165.132 48.916 -0.00149411 0.0154381 1.15338
 493 4.81581 1.07024e-05 213.135 164.369 48.768 -0.0014941 0.0152218 1.15007
 494 4.81582 1.07108e-05 210.365 161.744 48.6227 -0.00149406 0.0163236 1.14255
 495 4.81583 1.07232e-05 208.924 160.446 48.479 -0.00149404 0.0160412 1.13948
 496 4.81584 1.07366e-05 208.926 160.591 48.3365 -0.00149404 0.01604 1.13947
 497 4.81585 1.07479e-05 208.927 160.733 48.1961 -0.00149404 0.0160385 1.13947
 498 4.81586 1.07605e-05 207.906 159.852 48.0555 -0.00149403 0.0173358 1.13672
 499 4.81587 1.07748e-05 207.514 159.599 47.9168 -0.00149401 0.0179462 1.13476
 500 4.81589 1.07904e-05 207.516 159.737 47.7805 -0.00149401 0.0179453 1.13476
 501 4.8159 1.08085e-05 207.27 159.627 47.6442 -0.001494 0.0181018 1.13471
 502 4.81591 1.08281e-05 206.463 158.954 47.5101 -0.00149399 0.018853 1.13191
 503 4.81592 1.08487e-05 205.332 157.958 47.3757 -0.00149398 0.0187307 1.12829
 504 4.81593 1.08699e-05 203.319 156.081 47.2389 -0.00149395 0.0177902 1.12012
 505 4.81594 1.08938e-05 201.811 154.713 47.0991 -0.00149393 0.0180534 1.11395
 506 4.81595 1.03899e-05 201.813 154.84 46.974 -0.00149393 0.0180536 1.11396
 507 4.81596 1.06268e-05 200.213 153.367 46.8477 -0.00149391 0.0175425 1.10906
 508 4.81597 1.08324e-05 200.215 153.497 46.72 -0.00149391 0.0175422 1.10907
 509 4.81598 1.10203e-05 200.217 153.627 46.5919 -0.00149391 0.0175414 1.10908
 510 4.81599 1.1056e-05 199.529 153.068 46.4622 -0.0014939 0.0170875 1.10757
 511 4.816 1.11007e-05 198.074 151.74 46.3354 -0.00149387 0.0165363 1.10259
 512 4.81602 1.11419e-05 197.441 151.233 46.2096 -0.00149386 0.0175392 1.10107
 513 4.81603 1.11632e-05 197.443 151.36 46.0851 -0.00149386 0.0175375 1.10107
 514 4.81604 1.11785e-05 197.445 151.485 45.9618 -0.00149387 0.0175358 1.10108
 515 4.81605 1.12178e-05 196.801 150.964 45.8389 -0.00149386 0.0180161 1.0991
 516 4.81606 1.13024e-05 196.394 150.679 45.7171 -0.00149384 0.0183718 1.09767
 517 4.81607 1.14074e-05 195.732 150.139 45.5946 -0.00149383 0.0192596 1.09422
 518 4.81608 1.14847e-05 195.734 150.262 45.4734 -0.00149383 0.0192577 1.09423
 519 4.8161 1.1551e-05 194.846 149.494 45.3529 -0.00149382 0.0182472 1.09135
 520 4.81611 1.16402e-05 194.163 148.94 45.2248 -0.00149382 0.0177805 1.09061
 521 4.81612 1.17221e-05 193.383 148.282 45.1028 -0.0014938 0.0178658 1.0874
 522 4.81613 1.18138e-05 192.555 147.573 44.9831 -0.00149379 0.0186177 1.08388
 523 4.81614 1.19118e-05 191.707 146.845 44.864 -0.00149378 0.0187593 1.0795
 524 4.81615 1.20086e-05 191.709 146.965 44.7456 -0.00149378 0.0187571 1.0795
 525 4.81617 1.21174e-05 190.9 146.277 44.6242 -0.00149376 0.0179335 1.07741
 526 4.81618 1.22338e-05 190.902 146.397 44.5064 -0.00149376 0.0179316 1.07742
 527 4.81619 1.22764e-05 189.532 145.154 44.3795 -0.00149374 0.0170619 1.07294
 528 4.8162 1.23035e-05 189.534 145.272 44.2634 -0.00149374 0.0170592 1.07294
 529 4.81622 1.23341e-05 187.749 143.609 44.1422 -0.00149371 0.0176581 1.0691
 530 4.81623 1.23673e-05 187.167 143.145 44.0233 -0.00149369 0.0173697 1.0672
 531 4.81624 1.24028e-05 186.258 142.351 43.9077 -0.00149367 0.0175673 1.06455
 532 4.81625 1.24365e-05 184.626 140.837 43.7908 -0.00149363 0.0182953 1.05959
 533 4.81627 1.24808e-05 182.741 139.067 43.6754 -0.00149359 0.017791 1.05458
 534 4.81628 1.25232e-05 181.348 137.789 43.5603 -0.00149357 0.0177207 1.05042
 535 4.81629 1.25678e-05 180.153 136.707 43.4476 -0.00149355 0.0177489 1.04554
 536 4.8163 1.26095e-05 179.501 136.168 43.3345 -0.00149354 0.0168095 1.04317
 537 4.81632 1.26532e-05 179.009 135.786 43.2245 -0.00149353 0.0173935 1.04142
 538 4.81633 1.27056e-05 179.011 135.898 43.1153 -0.00149353 0.0173909 1.04141
 539 4.81634 1.27605e-05 177.189 134.186 43.0042 -0.0014935 0.0178623 1.03418
 540 4.81635 1.27848e-05 176.252 133.363 42.8905 -0.00149347 0.0184605 1.03463
 541 4.81637 1.2794e-05 176.254 133.472 42.7829 -0.00149348 0.0184581 1.03462
 542 4.81638 1.28298e-05 175.552 132.883 42.6708 -0.00149345 0.0190994 1.03189
 543 4.81639 1.289e-05 174.799 132.237 42.5636 -0.00149344 0.0191355 1.02745
 544 4.81641 1.2973e-05 173.017 130.595 42.4237 -0.00149341 0.019628 1.02254
 545 4.81642 1.30819e-05 171.872 129.562 42.311 -0.00149338 0.0196653 1.01975
 546 4.81643 1.32074e-05 171.427 129.224 42.2052 -0.00149338 0.0195881 1.01822
 547 4.81644 1.33161e-05 169.641 127.555 42.0876 -0.00149334 0.0208519 1.01266
 548 4.81646 1.34019e-05 168.682 126.714 41.9692 -0.00149332 0.0201243 1.01049
 549 4.81647 1.34939e-05 167.806 125.944 41.8632 -0.0014933 0.0213929 1.00723
 550 4.81649 1.35925e-05 167.098 125.347 41.753 -0.00149329 0.0219487 1.00371
 551 4.8165 1.36935e-05 166.149 124.504 41.6467 -0.00149327 0.0223152 0.99977
 552 4.81651 1.37993e-05 164.731 123.202 41.5307 -0.00149323 0.0225705 0.998062
 553 4.81653 1.39118e-05 164.191 122.767 41.4264 -0.00149323 0.0221364 0.998859
 554 4.81654 1.35378e-05 162.192 120.877 41.3173 -0.00149318 0.023124 0.991011
 555 4.81655 1.27316e-05 160.562 119.361 41.2022 -0.00149315 0.0214969 0.989387
 556 4.81657 1.20878e-05 159.288 118.178 41.1108 -0.0014931 0.0211833 0.98511
 557 4.81658 1.1571e-05 158.735 117.709 41.0272 -0.0014931 0.0206893 0.98233
 558 4.81659 1.11534e-05 158.736 117.789 40.9484 -0.0014931 0.0206871 0.982323
 559 4.8166 1.08135e-05 158.737 117.866 40.8727 -0.0014931 0.020685 0.982317
 560 4.81661 1.05431e-05 157.032 116.245 40.7881 -0.00149307 0.0207008 0.977481
 561 4.81662 1.03264e-05 156.476 115.771 40.7058 -0.00149306 0.0204485 0.978078
 562 4.81663 1.01555e-05 156.075 115.449 40.6284 -0.00149305 0.0209459 0.977126
 563 4.81664 1.00199e-05 155.687 115.131 40.5576 -0.00149304 0.0203858 0.977772
 564 4.81665 9.92045e-06 155.243 114.754 40.4903 -0.00149303 0.0194519 0.974775
 565 4.81666 9.8481e-06 155.244 114.822 40.4242 -0.00149303 0.01945 0.974768
 566 4.81667 9.80483e-06 153.887 113.547 40.3416 -0.001493 0.018592 0.970542
 567 4.81668 9.7805e-06 153.024 112.751 40.2743 -0.00149297 0.0175105 0.967659
 568 4.81669 9.77126e-06 152.524 112.316 40.2096 -0.00149296 0.01714 0.966493
 569 4.8167 9.77509e-06 151.586 111.443 40.1444 -0.00149294 0.0169616 0.96219
 570 4.81671 9.79765e-06 150.62 110.551 40.0697 -0.00149292 0.0180447 0.959582
 571 4.81672 9.83433e-06 150.621 110.617 40.0056 -0.00149293 0.0180428 0.959577
 572 4.81673 9.88353e-06 150.622 110.682 39.9416 -0.00149293 0.018041 0.95957
 573 4.81674 9.94398e-06 149.37 109.495 39.8763 -0.00149289 0.0173647 0.955833
 574 4.81675 1.00114e-05 148.409 108.605 39.8054 -0.00149287 0.0163751 0.951996
 575 4.81676 1.00834e-05 148.071 108.333 39.7399 -0.00149286 0.017073 0.952635
 576 4.81677 1.01631e-05 147.701 108.029 39.6736 -0.00149285 0.0179018 0.954881
 577 4.81678 1.02554e-05 145.995 106.405 39.5917 -0.00149281 0.0173451 0.947157
 578 4.81679 1.03565e-05 145.139 105.621 39.5194 -0.00149278 0.0184363 0.942706
 579 4.8168 1.04666e-05 144.113 104.664 39.4505 -0.00149275 0.0174215 0.941094
 580 4.81681 1.05839e-05 143.652 104.274 39.3796 -0.00149273 0.0182482 0.940884
 581 4.81682 1.07103e-05 143.222 103.91 39.3131 -0.00149273 0.0189314 0.937351
 582 4.81683 1.08325e-05 142.839 103.596 39.2445 -0.00149272 0.0194542 0.936846
 583 4.81684 1.09616e-05 142.84 103.664 39.1773 -0.00149272 0.0194523 0.936839
 584 4.81685 1.10936e-05 141.65 102.55 39.102 -0.00149269 0.019857 0.933238
 585 4.81686 1.12499e-05 141.304 102.273 39.0323 -0.00149268 0.019403 0.933139
 586 4.81688 1.14123e-05 141.305 102.343 38.9636 -0.00149268 0.0194011 0.933132
 587 4.81689 1.15836e-05 140.979 102.086 38.8943 -0.00149267 0.0186447 0.931984
 588 4.8169 1.17703e-05 140.677 101.857 38.8219 -0.00149267 0.0178923 0.93219
 589 4.81691 1.19515e-05 140.678 101.929 38.7513 -0.00149267 0.0178907 0.932182
 590 4.81692 1.21418e-05 140.679 102.001 38.6801 -0.00149268 0.0178889 0.932174
 591 4.81694 1.23361e-05 139.535 100.933 38.6037 -0.00149264 0.0197031 0.927943
 592 4.81695 1.25366e-05 139.167 100.638 38.5308 -0.00149263 0.0201844 0.92741
 593 4.81696 1.27378e-05 138.7 100.245 38.4562 -0.00149263 0.0207013 0.924354
 594 4.81697 1.29557e-05 138.701 100.321 38.3823 -0.00149263 0.0206994 0.924343
 595 4.81699 1.31769e-05 138.218 99.9133 38.3063 -0.00149263 0.0201072 0.926104
 596 4.817 1.34007e-05 137.964 99.7349 38.2302 -0.00149262 0.0199924 0.925616
 597 4.81701 1.36019e-05 137.201 99.0511 38.1513 -0.0014926 0.0193588 0.923736
 598 4.81703 1.38076e-05 136.522 98.4535 38.0699 -0.00149258 0.0188702 0.92342
 599 4.81704 1.40289e-05 135.912 97.923 37.9906 -0.00149256 0.0201416 0.923521
 600 4.81706 1.4254e-05 135.913 98.0021 37.9128 -0.00149256 0.0201392 0.923508
 601 4.81707 1.45077e-05 135.249 97.4326 37.8178 -0.00149254 0.0203405 0.922208
 602 4.81709 1.47673e-05 135.25 97.5134 37.7385 -0.00149255 0.020338 0.922193
 603 4.8171 1.50302e-05 134.647 96.9924 37.6561 -0.00149253 0.019817 0.923123
 604 4.81712 1.52998e-05 133.8 96.233 37.5683 -0.00149251 0.0206368 0.919973
 605 4.81713 1.55782e-05 133.195 95.7115 37.4852 -0.00149249 0.0212491 0.917678
 606 4.81715 1.58653e-05 132.307 94.9091 37.3995 -0.00149246 0.0204789 0.916958
 607 4.81716 1.59458e-05 131.414 94.1116 37.3043 -0.00149242 0.0203258 0.916473
 608 4.81718 1.59756e-05 130.647 93.4323 37.2158 -0.00149241 0.0202657 0.914261
 609 4.8172 1.60221e-05 129.876 92.7434 37.1337 -0.00149239 0.0211141 0.910763
 610 4.81721 1.60899e-05 129.877 92.8256 37.0528 -0.0014924 0.0211125 0.91075
 611 4.81723 1.61766e-05 129.164 92.2139 36.9517 -0.00149238 0.0211469 0.910515
 612 4.81724 1.62787e-05 127.789 90.9273 36.8636 -0.00149234 0.0217642 0.904369
 613 4.81726 1.6397e-05 126.88 90.0998 36.7815 -0.0014923 0.020422 0.901488
 614 4.81728 1.65309e-05 126.574 89.8784 36.6971 -0.0014923 0.0197754 0.901491
 615 4.81729 1.65467e-05 126.29 89.6854 36.6059 -0.00149229 0.0204689 0.901102
 616 4.81731 1.64603e-05 125.824 89.2979 36.5271 -0.00149228 0.0213799 0.902026
 617 4.81733 1.64019e-05 125.825 89.3766 36.4495 -0.00149228 0.0213782 0.902013
 618 4.81734 1.63715e-05 125.129 88.7654 36.3649 -0.00149223 0.0207966 0.901737
 619 4.81736 1.63662e-05 124.904 88.6177 36.2878 -0.00149223 0.0209913 0.901538
 620 4.81738 1.63771e-05 124.905 88.6949 36.2117 -0.00149224 0.0209894 0.901525
 621 4.81739 1.63976e-05 124.134 88.0085 36.1269 -0.00149222 0.020668 0.897213
 622 4.81741 1.64412e-05 124.135 88.0847 36.0518 -0.00149223 0.0206657 0.897206
 623 4.81742 1.64963e-05 123.549 87.595 35.9554 -0.00149221 0.0209051 0.897373
 624 4.81744 1.65709e-05 123.065 87.1865 35.88 -0.00149219 0.0203134 0.897197
 625 4.81746 1.66631e-05 122.223 86.4293 35.7953 -0.00149216 0.0200254 0.896782
 626 4.81747 1.67706e-05 121.628 85.9106 35.7187 -0.00149214 0.0196888 0.893096
 627 4.81749 1.68942e-05 121.218 85.5777 35.6421 -0.00149212 0.0192672 0.892082
 628 4.81751 1.70322e-05 121.219 85.6526 35.5683 -0.00149213 0.0192647 0.892076
 629 4.81753 1.71945e-05 120.778 85.2885 35.4912 -0.00149211 0.0185988 0.892148
 630 4.81754 1.73695e-05 120.522 85.1113 35.412 -0.00149211 0.0192471 0.891007
 631 4.81756 1.75347e-05 119.648 84.3149 35.3342 -0.00149208 0.0187569 0.889115
 632 4.81758 1.72724e-05 118.565 83.3123 35.2538 -0.00149203 0.0189795 0.883304
 633 4.8176 1.7104e-05 118.421 83.2404 35.1817 -0.00149203 0.0191766 0.882444
 634 4.81761 1.70019e-05 118.185 83.0759 35.1102 -0.00149202 0.0195785 0.881562
 635 4.81763 1.6964e-05 118.186 83.1468 35.0403 -0.00149203 0.0195761 0.881556
 636 4.81765 1.69813e-05 116.993 82.0337 34.9606 -0.00149199 0.0210727 0.876359
 637 4.81766 1.70477e-05 116.358 81.4718 34.8878 -0.00149196 0.0220924 0.874911
 638 4.81768 1.7161e-05 116.062 81.245 34.8182 -0.00149196 0.0219159 0.873362
 639 4.8177 1.73222e-05 115.837 81.0894 34.7487 -0.00149195 0.0224821 0.872527
 640 4.81772 1.75127e-05 115.533 80.8575 34.6771 -0.00149195 0.023035 0.870186
 641 4.81773 1.77552e-05 115.534 80.9287 34.6068 -0.00149196 0.0230327 0.87018
 642 4.81775 1.80316e-05 115.535 81.0005 34.536 -0.00149197 0.0230308 0.870174
 643 4.81777 1.83337e-05 114.855 80.399 34.4576 -0.00149194 0.0233848 0.868058
 644 4.81779 1.86684e-05 114.642 80.2601 34.3836 -0.00149194 0.023823 0.867758
 645 4.81781 1.90305e-05 114.251 79.9511 34.3018 -0.00149192 0.0236917 0.867783
 646 4.81783 1.94239e-05 113.765 79.5409 34.2259 -0.0014919 0.0246174 0.864874
 647 4.81785 1.98387e-05 112.928 78.788 34.1419 -0.00149186 0.0248034 0.86305
 648 4.81787 2.0281e-05 112.93 78.8648 34.0662 -0.00149187 0.0248014 0.863047
 649 4.81789 2.07618e-05 112.467 78.4829 33.986 -0.00149186 0.0242955 0.862206
 650 4.81791 2.12786e-05 111.683 77.788 33.8968 -0.00149182 0.0240403 0.859024
 651 4.81793 2.14798e-05 111.234 77.422 33.8135 -0.0014918 0.0244393 0.856313
 652 4.81795 2.12744e-05 110.742 77.0115 33.7324 -0.00149179 0.0238783 0.853689
 653 4.81797 2.11257e-05 110.53 76.8748 33.6564 -0.00149179 0.0245167 0.852094
 654 4.81799 2.10389e-05 110.531 76.9499 33.5823 -0.0014918 0.0245146 0.852085
 655 4.81801 2.09972e-05 110.051 76.559 33.4937 -0.00149177 0.0248827 0.850143
 656 4.81804 2.10121e-05 109.851 76.4324 33.4201 -0.00149177 0.0244586 0.850684
 657 4.81806 2.10728e-05 109.687 76.3407 33.3474 -0.00149177 0.0242771 0.84856
 658 4.81808 2.1181e-05 109.008 75.7356 33.2734 -0.00149174 0.0242899 0.845321
 659 4.8181 2.13254e-05 109.009 75.8086 33.2014 -0.00149175 0.0242883 0.845313
 660 4.81812 2.1422e-05 109.01 75.8812 33.1298 -0.00149176 0.0242865 0.845306
 661 4.81814 2.10766e-05 108.685 75.6278 33.0591 -0.00149175 0.0247565 0.84695
 662 4.81816 2.07727e-05 108.686 75.6972 32.9906 -0.00149176 0.0247548 0.846944
 663 4.81818 2.05113e-05 108.24 75.327 32.9147 -0.00149173 0.0251812 0.846704
 664 4.8182 2.02898e-05 107.884 75.0377 32.8476 -0.00149171 0.0242723 0.844592
 665 4.81822 2.01071e-05 107.756 74.9754 32.7821 -0.00149171 0.0246897 0.844432
 666 4.81824 1.99547e-05 107.192 74.4768 32.7167 -0.00149169 0.0244444 0.841298
 667 4.81826 1.98385e-05 106.932 74.2797 32.6534 -0.00149169 0.0238415 0.840755
 668 4.81828 1.96816e-05 106.614 74.0258 32.5893 -0.00149167 0.0238569 0.838534
 669 4.8183 1.96259e-05 106.414 73.8888 32.527 -0.00149167 0.0240981 0.837403
 670 4.81832 1.95913e-05 105.86 73.4079 32.4533 -0.00149164 0.0246525 0.834642
 671 4.81834 1.9588e-05 105.466 73.0752 32.392 -0.00149163 0.0236515 0.832453
 672 4.81836 1.96087e-05 105.467 73.1359 32.3321 -0.00149164 0.0236504 0.832446
 673 4.81838 1.96513e-05 105.199 72.9333 32.2674 -0.00149164 0.0236699 0.830712
 674 4.8184 1.97141e-05 104.838 72.6341 32.2058 -0.00149162 0.0236651 0.828535
 675 4.81842 1.97965e-05 104.238 72.1021 32.1375 -0.00149158 0.0224982 0.826195
 676 4.81844 1.99034e-05 104.113 72.037 32.0779 -0.00149158 0.0225263 0.825534
 677 4.81846 2.00335e-05 104.114 72.0971 32.0186 -0.00149159 0.0225252 0.82553
 678 4.81848 2.01882e-05 103.965 72.008 31.9581 -0.00149159 0.0226489 0.825083
 679 4.8185 2.03682e-05 103.101 71.211 31.8914 -0.00149155 0.0212402 0.8222
 680 4.81852 2.05707e-05 102.674 70.8498 31.8256 -0.00149152 0.0212045 0.820686
 681 4.81854 2.07969e-05 102.505 70.7412 31.7649 -0.00149152 0.0210355 0.820859
 682 4.81856 2.10399e-05 102.344 70.6449 31.7002 -0.00149152 0.0215738 0.820142
 683 4.81858 2.13089e-05 102.163 70.5254 31.6395 -0.0014915 0.0222039 0.81912
 684 4.81861 2.15976e-05 101.858 70.2846 31.5748 -0.00149149 0.0218748 0.817066
 685 4.81863 2.16133e-05 101.444 69.9332 31.5127 -0.00149146 0.0219403 0.813976
 686 4.81865 2.15187e-05 101.102 69.6526 31.4507 -0.00149145 0.0227862 0.80974
 687 4.81867 2.14479e-05 100.5 69.111 31.3908 -0.00149141 0.0227695 0.809308
 688 4.81869 2.13932e-05 100.171 68.8401 31.3319 -0.00149139 0.0231168 0.809117
 689 4.81871 2.13614e-05 99.9693 68.6991 31.2717 -0.00149139 0.022704 0.808072
 690 4.81873 2.13475e-05 99.8064 68.5952 31.2127 -0.00149139 0.0230443 0.809387
 691 4.81876 2.13494e-05 99.5457 68.3924 31.1547 -0.00149138 0.0226566 0.809006
 692 4.81878 2.13683e-05 99.5465 68.4507 31.0972 -0.00149139 0.0226556 0.809004
 693 4.8188 2.14029e-05 99.2833 68.2456 31.0392 -0.00149138 0.0230136 0.806938
 694 4.81882 2.14535e-05 99.2841 68.3034 30.9822 -0.00149139 0.0230125 0.806936
 695 4.81884 2.15291e-05 98.5136 67.5965 30.9186 -0.00149134 0.0224883 0.803263
 696 4.81886 2.1612e-05 98.3594 67.5002 30.8608 -0.00149134 0.0222757 0.802312
 697 4.81889 2.17069e-05 97.7107 66.9119 30.8003 -0.0014913 0.0208177 0.802475
 698 4.81891 2.18223e-05 97.209 66.4754 30.7351 -0.00149127 0.0211163 0.801959
 699 4.81893 2.19531e-05 97.0633 66.3861 30.6787 -0.00149128 0.0206315 0.802199
 700 4.81895 2.20844e-05 96.4836 65.867 30.6181 -0.00149124 0.0205141 0.802137
 701 4.81897 2.22423e-05 96.188 65.6301 30.5594 -0.00149123 0.0204815 0.800872
 702 4.819 2.24257e-05 96.0648 65.5644 30.5019 -0.00149123 0.0200418 0.801305
 703 4.81902 2.26295e-05 96.0656 65.6218 30.4453 -0.00149124 0.0200402 0.801305
 704 4.81904 2.28185e-05 95.9535 65.5666 30.3884 -0.00149124 0.0204053 0.801791
 705 4.81906 2.30355e-05 95.8142 65.4844 30.3313 -0.00149124 0.0208298 0.801801
 706 4.81907 9.30536e-06 95.2968 64.995 30.3034 -0.00149121 0.0208921 0.797017
 707 4.81908 1.02359e-05 95.1124 64.8407 30.2732 -0.00149121 0.0207746 0.794803
 708 4.8191 1.12595e-05 94.8143 64.5714 30.2444 -0.00149119 0.0213072 0.794225
 709 4.81911 1.23854e-05 94.7543 64.5419 30.214 -0.00149118 0.0211301 0.793899
 710 4.81912 1.3624e-05 94.4056 64.2284 30.1786 -0.00149115 0.0206526 0.793805
 711 4.81914 1.49864e-05 94.2351 64.0968 30.1397 -0.00149115 0.0209694 0.792667
 712 4.81915 1.6485e-05 94.0918 63.9943 30.099 -0.00149114 0.0211551 0.792135
 713 4.81917 1.81335e-05 93.828 63.7794 30.0501 -0.00149113 0.0220317 0.792
 714 4.81919 1.99469e-05 93.6024 63.6031 30.0008 -0.00149112 0.021942 0.791523
 715 4.81921 2.19416e-05 93.6033 63.6559 29.949 -0.00149113 0.02194 0.791522
 716 4.81924 2.27152e-05 93.3631 63.4695 29.8951 -0.00149112 0.0219869 0.790382
 717 4.81926 2.25976e-05 93.2518 63.4121 29.8412 -0.00149112 0.022177 0.789795
 718 4.81928 2.25478e-05 92.8946 63.1097 29.7865 -0.0014911 0.0221946 0.788424
 719 4.8193 2.25562e-05 92.3418 62.6124 29.7309 -0.00149106 0.023565 0.786695
 720 4.81933 2.26152e-05 92.0936 62.4197 29.6754 -0.00149105 0.0237568 0.784077
 721 4.81935 2.25963e-05 91.4468 61.8298 29.6185 -0.001491 0.0243552 0.780689
 722 4.81937 2.23374e-05 91.4476 61.8811 29.5679 -0.00149101 0.0243534 0.780688
 723 4.81939 2.21144e-05 91.304 61.7907 29.5148 -0.00149101 0.0241398 0.77945
 724 4.81941 2.19276e-05 91.0299 61.5704 29.461 -0.001491 0.0247895 0.776518
 725 4.81944 2.17803e-05 91.0306 61.6195 29.4126 -0.00149102 0.024788 0.776516
 726 4.81946 2.16625e-05 90.8136 61.4518 29.3633 -0.00149101 0.0245154 0.774968
 727 4.81948 2.15581e-05 90.8143 61.4999 29.3159 -0.00149102 0.0245139 0.774967
 728 4.8195 2.14994e-05 90.5383 61.2755 29.2643 -0.00149101 0.0247762 0.774516
 729 4.81952 2.14543e-05 90.2669 61.0527 29.2157 -0.001491 0.0246526 0.771948
 730 4.81954 2.14215e-05 89.5693 60.4069 29.1639 -0.00149093 0.0240375 0.769988
 731 4.81957 2.14174e-05 89.3481 60.2331 29.1165 -0.00149092 0.0240998 0.770732
 732 4.81959 2.14354e-05 88.9931 59.9284 29.0663 -0.0014909 0.0238916 0.76822
 733 4.81961 2.14725e-05 88.7155 59.6994 29.0176 -0.00149089 0.0240965 0.770249
 734 4.81963 2.15212e-05 88.5824 59.6141 28.9699 -0.00149088 0.0244355 0.769274
 735 4.81965 2.16203e-05 88.5831 59.6602 28.9244 -0.0014909 0.024434 0.769273
 736 4.81967 2.1719e-05 88.4426 59.5656 28.8785 -0.00149089 0.0244991 0.767972
 737 4.8197 2.18779e-05 88.337 59.506 28.8326 -0.00149089 0.0242411 0.76706
 738 4.81972 2.20755e-05 88.3377 59.5524 28.7868 -0.0014909 0.0242397 0.767059
 739 4.81974 2.228e-05 88.2202 59.4808 28.7409 -0.0014909 0.0240132 0.766492
 740 4.81976 2.25266e-05 87.8424 59.1507 28.6932 -0.00149088 0.0231073 0.765089
 741 4.81978 2.27714e-05 87.5842 58.942 28.6436 -0.00149085 0.0223988 0.763246
 742 4.81981 2.30633e-05 87.3989 58.8099 28.5905 -0.00149084 0.0228891 0.762312
 743 4.81983 2.33504e-05 87.2434 58.7049 28.54 -0.00149083 0.0232223 0.7616
 744 4.81985 2.36614e-05 87.1438 58.6529 28.4924 -0.00149083 0.0229254 0.76142
 745 4.81988 2.39938e-05 86.7082 58.269 28.4407 -0.0014908 0.0222691 0.75956
 746 4.8199 2.43463e-05 86.709 58.3181 28.3924 -0.00149081 0.0222681 0.75956
 747 4.81993 2.46874e-05 86.4596 58.1186 28.3425 -0.00149081 0.0219206 0.757812
 748 4.81995 2.50796e-05 86.1018 57.8113 28.2919 -0.00149077 0.0227974 0.75636
 749 4.81998 2.54954e-05 85.9787 57.7386 28.2416 -0.00149077 0.0232668 0.756582
 750 4.82 2.59348e-05 85.5184 57.3371 28.1828 -0.00149073 0.0229854 0.754457
 751 4.82003 2.63991e-05 85.2061 57.0818 28.1258 -0.00149071 0.0231751 0.753589
 752 4.82006 2.68573e-05 84.8332 56.765 28.0697 -0.00149067 0.0228113 0.752822
 753 4.82008 2.70861e-05 84.8341 56.8176 28.0181 -0.00149069 0.0228102 0.752822
 754 4.82011 2.71189e-05 84.5704 56.6074 27.9646 -0.00149067 0.0232859 0.752409
 755 4.82014 2.72482e-05 84.4109 56.5006 27.9118 -0.00149066 0.0232262 0.752295
 756 4.82017 2.72357e-05 84.1547 56.2976 27.8586 -0.00149064 0.0228555 0.751823
 757 4.82019 2.73689e-05 83.5825 55.7853 27.7987 -0.00149057 0.0232382 0.750439
 758 4.82022 2.74058e-05 83.34 55.5971 27.7444 -0.00149055 0.0225196 0.750352
 759 4.82025 2.75888e-05 82.9632 55.2734 27.6912 -0.00149052 0.0231754 0.746516
 760 4.82028 2.76789e-05 82.382 54.7496 27.6339 -0.00149046 0.0231675 0.743945
 761 4.8203 2.78116e-05 81.985 54.4062 27.5803 -0.00149041 0.022912 0.743481
 762 4.82033 2.79746e-05 81.9016 54.3744 27.5287 -0.00149041 0.0228033 0.743588
 763 4.82036 2.81334e-05 81.5683 54.0945 27.4752 -0.00149038 0.0231865 0.741549
 764 4.82039 2.82898e-05 81.4083 53.9851 27.4247 -0.00149038 0.0229307 0.74192
 765 4.82041 2.31314e-05 81.4078 54.025 27.3842 -0.00149039 0.0229299 0.741938
 766 4.82044 2.39372e-05 81.314 53.9741 27.3414 -0.0014904 0.0229025 0.742348
 767 4.82046 2.5453e-05 80.9446 53.6547 27.2913 -0.00149036 0.0236054 0.740713
 768 4.82049 2.76807e-05 80.554 53.3192 27.2363 -0.00149032 0.0237262 0.739613
 769 4.82052 2.93807e-05 80.3183 53.137 27.1827 -0.00149029 0.0231481 0.737751
 770 4.82055 2.9649e-05 79.8942 52.7673 27.1284 -0.00149024 0.0232669 0.736922
 771 4.82058 2.99888e-05 79.7247 52.6504 27.0758 -0.00149024 0.0230991 0.737267
 772 4.82061 3.03374e-05 79.6472 52.6259 27.0228 -0.00149025 0.0229286 0.736427
 773 4.82064 3.06979e-05 79.33 52.3626 26.969 -0.00149022 0.0232922 0.738161
 774 4.82067 3.11509e-05 79.142 52.2273 26.9161 -0.00149021 0.0234679 0.737674
 775 4.8207 3.15826e-05 79.0805 52.2185 26.8635 -0.00149022 0.0231774 0.736793
 776 4.82073 3.20939e-05 78.7906 51.9835 26.8086 -0.00149019 0.0232066 0.735196
 777 4.82077 3.27011e-05 78.5588 51.809 26.7513 -0.00149017 0.0228876 0.733771
 778 4.8208 3.24835e-05 78.4082 51.7119 26.6979 -0.00149017 0.0228615 0.733893
 779 4.82083 3.21247e-05 77.9708 51.3316 26.6406 -0.00149013 0.0231189 0.734059
 780 4.82086 3.17345e-05 77.5918 51.0084 26.5849 -0.0014901 0.0237267 0.731981
 781 4.82089 3.13836e-05 77.3838 50.8508 26.5345 -0.00149008 0.0238318 0.730079
 782 4.82093 3.11132e-05 77.3402 50.857 26.4847 -0.00149009 0.0236948 0.730097
 783 4.82096 3.09114e-05 77.0673 50.6348 26.434 -0.00149007 0.0238099 0.730336
 784 4.82099 3.06874e-05 76.9973 50.6137 26.385 -0.00149008 0.0237088 0.729679
 785 4.82102 3.05409e-05 76.9281 50.5955 26.3341 -0.00149009 0.023682 0.729013
 786 4.82105 3.04334e-05 76.6407 50.3584 26.2838 -0.00149005 0.0230795 0.729304
 787 4.82108 3.03281e-05 76.5833 50.3479 26.2369 -0.00149006 0.0228866 0.728788
 788 4.82111 3.02247e-05 76.5839 50.3949 26.1905 -0.00149008 0.0228852 0.728783
 789 4.82114 3.0151e-05 76.4781 50.3373 26.1423 -0.00149009 0.0230867 0.728846
 790 4.82117 3.01235e-05 76.2296 50.1371 26.094 -0.00149007 0.0236129 0.72819
 791 4.8212 3.01189e-05 76.0155 49.9743 26.0427 -0.00149004 0.0231273 0.727488
 792 4.82123 3.00843e-05 75.7542 49.7615 25.9942 -0.00149001 0.0223968 0.727442
 793 4.82126 3.00953e-05 75.5197 49.5754 25.9458 -0.00148999 0.0225075 0.726183
 794 4.82129 3.0119e-05 75.264 49.3671 25.8984 -0.00148996 0.0233215 0.725392
 795 4.82132 3.01667e-05 75.0261 49.1776 25.8499 -0.00148993 0.0235098 0.723833
 796 4.82135 3.02523e-05 74.6985 48.9002 25.7998 -0.00148989 0.0242446 0.721078
 797 4.82138 3.03319e-05 74.4604 48.7081 25.7538 -0.00148986 0.0241675 0.719522
 798 4.82141 3.04167e-05 74.3359 48.6285 25.7088 -0.00148986 0.0242925 0.719178
 799 4.82144 3.05188e-05 74.0933 48.4306 25.6642 -0.00148982 0.0243155 0.719605
 800 4.82147 3.06325e-05 73.9278 48.3102 25.6192 -0.0014898 0.0240103 0.718968
 801 4.8215 3.0839e-05 73.8602 48.2895 25.5722 -0.00148981 0.0243562 0.718402
 802 4.82153 3.10316e-05 73.7049 48.1794 25.527 -0.00148979 0.0247638 0.716546
 803 4.82156 3.12081e-05 73.7055 48.2242 25.4828 -0.00148982 0.0247629 0.716542
 804 4.8216 3.14019e-05 73.5834 48.1471 25.4378 -0.00148982 0.0247467 0.714922
 805 4.82163 3.15791e-05 73.3125 47.9231 25.3908 -0.00148979 0.0250523 0.712136
 806 4.82166 3.18306e-05 73.0815 47.742 25.341 -0.00148976 0.0250283 0.711237
 807 4.82169 3.20327e-05 73.031 47.7368 25.2958 -0.00148977 0.0248243 0.710723
 808 4.82172 3.22805e-05 73.0316 47.7819 25.2512 -0.0014898 0.0248235 0.710719
 809 4.82176 3.25387e-05 72.8326 47.6338 25.2003 -0.00148977 0.0255142 0.710652
 810 4.82179 3.27996e-05 72.6322 47.4805 25.1531 -0.00148975 0.0253746 0.70933
 811 4.82182 3.30689e-05 72.5332 47.4296 25.105 -0.00148977 0.0251431 0.708119
 812 4.82186 3.3352e-05 72.3606 47.3042 25.0579 -0.00148975 0.0252138 0.708108
 813 4.82189 3.35911e-05 72.1889 47.1831 25.0073 -0.00148973 0.0254811 0.708005
 814 4.82192 3.38767e-05 71.9776 47.0234 24.9557 -0.0014897 0.0253834 0.707652
 815 4.82196 3.41755e-05 71.8811 46.9733 24.9092 -0.0014897 0.0252621 0.707518
 816 4.82199 3.44824e-05 71.7861 46.9258 24.8619 -0.0014897 0.025855 0.705995
 817 4.82203 3.48345e-05 71.7266 46.9139 24.8141 -0.00148971 0.0257159 0.706335
 818 4.82206 3.51731e-05 71.437 46.676 24.7625 -0.00148967 0.0246234 0.705098
 819 4.8221 3.55293e-05 71.392 46.6776 24.7159 -0.00148969 0.0244428 0.705028
 820 4.82213 3.59356e-05 71.334 46.6666 24.6689 -0.0014897 0.0242395 0.704186
 821 4.82217 3.6361e-05 71.227 46.6084 24.62 -0.0014897 0.0241911 0.703083
 822 4.82221 3.68039e-05 71.2276 46.656 24.5731 -0.00148973 0.0241893 0.703079
 823 4.82224 3.72128e-05 71.1032 46.5802 24.5245 -0.00148973 0.0238479 0.701682
 824 4.82228 3.70312e-05 70.8704 46.3982 24.4737 -0.00148971 0.0229787 0.700337
 825 4.82232 3.65021e-05 70.7735 46.348 24.427 -0.00148971 0.0229554 0.699492
 826 4.82235 3.61187e-05 70.6787 46.3004 24.3799 -0.00148971 0.0231171 0.699023
 827 4.82239 3.58741e-05 70.4083 46.0789 24.3308 -0.00148968 0.0224628 0.699501
 828 4.82242 3.57249e-05 70.0935 45.8115 24.2835 -0.00148961 0.0228028 0.698223
 829 4.82246 3.56669e-05 70.043 45.8054 24.2391 -0.00148963 0.0230145 0.698444
 830 4.8225 3.56972e-05 69.8408 45.6503 24.1919 -0.0014896 0.0229402 0.696836
 831 4.82253 3.58029e-05 69.6587 45.5142 24.146 -0.00148959 0.022882 0.695083
 832 4.82257 3.59771e-05 69.5901 45.4894 24.1022 -0.0014896 0.0225567 0.694242
 833 4.8226 3.6218e-05 69.4347 45.3789 24.0573 -0.00148959 0.0223135 0.694124
 834 4.82264 3.64995e-05 69.3895 45.3787 24.0124 -0.00148961 0.0221985 0.693896
 835 4.82268 3.68545e-05 69.2874 45.3213 23.9675 -0.00148961 0.0224911 0.692743
 836 4.8227 2.06047e-05 69.1518 45.2117 23.9416 -0.00148959 0.0220128 0.691399
 837 4.82272 2.26652e-05 69.1522 45.239 23.9147 -0.00148961 0.0220119 0.691399
 838 4.82275 2.49317e-05 69.1527 45.2689 23.8853 -0.00148963 0.022011 0.691399
 839 4.82277 2.74248e-05 68.9878 45.1374 23.8519 -0.00148961 0.0215823 0.689456
 840 4.8228 3.01673e-05 68.9069 45.094 23.8144 -0.00148961 0.0215444 0.68941
 841 4.82284 3.31841e-05 68.874 45.1011 23.7744 -0.00148962 0.0217132 0.689265
 842 4.82287 3.65025e-05 68.6744 44.9493 23.7266 -0.00148959 0.0228462 0.689144
 843 4.82291 4.01527e-05 68.4368 44.7656 23.6727 -0.00148957 0.0234681 0.685954
 844 4.82295 4.05849e-05 68.3579 44.7336 23.6257 -0.00148958 0.0237036 0.685926
 845 4.82299 4.07156e-05 68.1979 44.6246 23.5748 -0.00148957 0.0241164 0.68414
 846 4.82304 4.08767e-05 68.0462 44.5205 23.5271 -0.00148957 0.0245051 0.682432
 847 4.82308 4.10943e-05 67.8715 44.3933 23.4797 -0.00148955 0.0243148 0.680736
 848 4.82312 4.1308e-05 67.6462 44.2174 23.4303 -0.00148951 0.0241932 0.680228
 849 4.82316 4.15376e-05 67.4907 44.1103 23.3818 -0.00148949 0.024358 0.679751
 850 4.8232 4.17857e-05 67.3166 43.9852 23.3329 -0.00148947 0.024168 0.679527
 851 4.82324 4.20553e-05 67.2764 43.9921 23.2858 -0.00148949 0.0239575 0.679348
 852 4.82329 4.23367e-05 67.1014 43.8648 23.2381 -0.00148947 0.0236126 0.677795
 853 4.82333 4.26383e-05 67.014 43.8254 23.19 -0.00148947 0.0234633 0.676629
 854 4.82337 4.29584e-05 66.9806 43.8395 23.1426 -0.0014895 0.0233177 0.676589
 855 4.82341 4.32864e-05 66.7636 43.6743 23.0907 -0.00148946 0.0235059 0.676697
 856 4.82346 4.34445e-05 66.6565 43.615 23.043 -0.00148946 0.0235144 0.676094
 857 4.8235 4.31939e-05 66.5626 43.5681 22.996 -0.00148947 0.0239608 0.676202
 858 4.82354 4.29908e-05 66.4616 43.5144 22.9487 -0.00148947 0.0237416 0.675673
 859 4.82359 4.26837e-05 66.341 43.4449 22.8975 -0.00148948 0.0234221 0.674639
 860 4.82363 4.16937e-05 66.1605 43.3114 22.8505 -0.00148946 0.0231109 0.672686
 861 4.82367 4.0917e-05 66.0504 43.2461 22.8058 -0.00148946 0.0233429 0.672363
 862 4.82371 4.03159e-05 66.0079 43.2459 22.7634 -0.00148948 0.0234194 0.672027
 863 4.82375 3.98703e-05 65.7927 43.074 22.7202 -0.00148943 0.0236794 0.670978
 864 4.82379 3.95368e-05 65.6645 42.9891 22.6768 -0.00148942 0.0234185 0.671119
 865 4.82383 3.93302e-05 65.665 43.0301 22.6364 -0.00148945 0.0234175 0.67112
 866 4.82387 3.91953e-05 65.4879 42.897 22.5924 -0.00148941 0.0230999 0.670311
 867 4.82391 3.91776e-05 65.4549 42.9047 22.5516 -0.00148943 0.0232576 0.670029
 868 4.82395 3.92256e-05 65.3801 42.8703 22.5113 -0.00148943 0.0230481 0.66979
 869 4.82398 3.93385e-05 65.3484 42.8786 22.4712 -0.00148945 0.0228576 0.669821
 870 4.82402 3.95294e-05 65.2827 42.8531 22.4311 -0.00148946 0.0227398 0.670301
 871 4.82406 3.97846e-05 65.1074 42.7191 22.3897 -0.00148942 0.0228001 0.669348
 872 4.8241 4.0105e-05 64.8909 42.5465 22.346 -0.00148939 0.0226867 0.667002
 873 4.82414 4.04665e-05 64.7545 42.4521 22.3039 -0.00148938 0.0229498 0.666497
 874 4.82419 4.09178e-05 64.6462 42.3853 22.2624 -0.00148937 0.0229416 0.666091
 875 4.82423 3.97588e-05 64.4476 42.2275 22.2215 -0.00148934 0.0234717 0.665838
 876 4.82427 4.02953e-05 64.3786 42.1988 22.1813 -0.00148934 0.0237799 0.66518
 877 4.82431 4.08985e-05 64.2281 42.0892 22.1404 -0.00148932 0.0238362 0.664056
 878 4.82435 4.15825e-05 64.0239 41.9283 22.0971 -0.00148929 0.0237118 0.662754
 879 4.82439 4.23148e-05 63.9604 41.906 22.056 -0.00148929 0.02379 0.662889
 880 4.82443 4.31263e-05 63.8926 41.88 22.0141 -0.0014893 0.0239225 0.663054
 881 4.82448 4.40058e-05 63.7649 41.7962 21.9702 -0.00148928 0.0239856 0.662587
 882 4.82452 4.49498e-05 63.6543 41.7292 21.9266 -0.00148927 0.0242278 0.661066
 883 4.82457 4.55078e-05 63.426 41.5454 21.8821 -0.00148923 0.0241833 0.660062
 884 4.82461 4.57912e-05 63.3751 41.5381 21.8385 -0.00148924 0.0240445 0.659572
 885 4.82466 4.55862e-05 63.3471 41.5529 21.7957 -0.00148927 0.0241365 0.659347
 886 4.82471 4.54353e-05 63.2372 41.4868 21.752 -0.00148926 0.0241879 0.658166
 887 4.82475 4.53114e-05 63.1364 41.4303 21.7076 -0.00148926 0.0241639 0.658316
 888 4.8248 4.51685e-05 63.137 41.4723 21.6662 -0.00148929 0.0241632 0.658316
 889 4.82484 4.50878e-05 63.0611 41.4382 21.6244 -0.00148929 0.0239426 0.65761
 890 4.82489 4.50262e-05 62.9195 41.3398 21.5812 -0.00148927 0.0237108 0.65634
 891 4.82493 4.49846e-05 62.8068 41.2691 21.5392 -0.00148927 0.0239311 0.656735
 892 4.82498 4.49729e-05 62.7162 41.2207 21.497 -0.00148926 0.0240314 0.655917
 893 4.82502 4.4978e-05 62.691 41.236 21.4564 -0.00148928 0.0241814 0.65548
 894 4.82507 4.50099e-05 62.4968 41.0849 21.4134 -0.00148925 0.0239912 0.65484
 895 4.82511 4.50595e-05 62.4476 41.0766 21.3725 -0.00148927 0.0238335 0.654314
 896 4.82516 4.51383e-05 62.2164 40.8879 21.33 -0.00148921 0.0236665 0.65313
 897 4.8252 4.17433e-05 62.0558 40.7653 21.2919 -0.00148919 0.0239163 0.65167
 898 4.82524 4.33032e-05 61.9741 40.7249 21.2507 -0.00148918 0.0238787 0.651688
 899 4.82528 3.90183e-05 61.8455 40.6321 21.2149 -0.00148915 0.0235794 0.650605
 900 4.82532 4.04691e-05 61.7153 40.5384 21.1784 -0.00148913 0.0237451 0.649202
 901 4.82536 3.68244e-05 61.4817 40.3416 21.1416 -0.00148906 0.0242531 0.646451
 902 4.8254 3.82609e-05 61.2823 40.1785 21.1053 -0.00148899 0.0245197 0.646322
 903 4.82543 3.51325e-05 61.2259 40.1521 21.0753 -0.00148899 0.0248284 0.646015
 904 4.82547 3.6338e-05 61.1686 40.1259 21.0442 -0.001489 0.0245477 0.645265
 905 4.8255 3.36968e-05 61.0573 40.0443 21.0145 -0.00148898 0.0245387 0.644792
 906 4.82554 3.48268e-05 60.9947 40.0119 20.9843 -0.00148898 0.0243635 0.643611
 907 4.82557 3.25866e-05 60.9141 39.9595 20.9561 -0.00148897 0.0245819 0.643657
 908 4.8256 3.33333e-05 60.8151 39.8903 20.9263 -0.00148896 0.0245219 0.642738
 909 4.82563 3.15323e-05 60.6718 39.7755 20.8977 -0.00148893 0.0243012 0.640893
 910 4.82567 3.22978e-05 60.6218 39.7533 20.8701 -0.00148893 0.0240465 0.641403
 911 4.8257 3.07945e-05 60.5881 39.7446 20.8449 -0.00148894 0.0242103 0.641298
 912 4.82573 3.14083e-05 60.4588 39.6431 20.8172 -0.00148891 0.0245107 0.640574
 913 4.82576 3.01093e-05 60.3178 39.5303 20.789 -0.00148888 0.0244429 0.639514
 914 4.82579 3.07385e-05 60.18 39.4195 20.7621 -0.00148884 0.0241989 0.639271
 915 4.82582 2.95955e-05 60.162 39.4258 20.7377 -0.00148885 0.0240891 0.639011
 916 4.82585 3.00741e-05 60.1624 39.4502 20.7137 -0.00148888 0.0240889 0.63901
 917 4.82588 2.93717e-05 60.072 39.3847 20.6888 -0.00148886 0.0243565 0.638413
 918 4.82591 2.95377e-05 60.0092 39.3461 20.6647 -0.00148886 0.0242006 0.637732
 919 4.82594 2.90932e-05 59.9863 39.3463 20.6415 -0.00148887 0.0241816 0.637875
 920 4.82597 2.91684e-05 59.907 39.292 20.6165 -0.00148885 0.0242035 0.637331
 921 4.82599 2.87945e-05 59.7615 39.173 20.5899 -0.0014888 0.0242164 0.63669
 922 4.82602 2.8948e-05 59.7453 39.1798 20.567 -0.00148881 0.0241832 0.63667
 923 4.82605 2.86291e-05 59.6661 39.1238 20.5438 -0.00148877 0.0242799 0.636244
 924 4.82608 2.87753e-05 59.6163 39.0974 20.5204 -0.00148877 0.0240302 0.636068
 925 4.82611 2.8457e-05 59.4644 38.9694 20.4965 -0.00148873 0.0241414 0.636177
 926 4.82614 2.8623e-05 59.3058 38.8366 20.4707 -0.00148867 0.0237678 0.635613
 927 4.82617 2.83482e-05 59.1882 38.743 20.4467 -0.00148864 0.0235525 0.635053
 928 4.82619 2.85289e-05 59.1235 38.7013 20.4237 -0.00148864 0.0236893 0.63529
 929 4.82622 2.83262e-05 59.0113 38.6154 20.3974 -0.00148861 0.0233622 0.633903
 930 4.82625 2.85203e-05 58.9248 38.5516 20.3746 -0.00148859 0.0234706 0.633301
 931 4.82628 2.83236e-05 58.7983 38.4487 20.3511 -0.00148856 0.023204 0.632948
 932 4.82631 2.85601e-05 58.709 38.3833 20.3273 -0.00148854 0.0232152 0.632149
 933 4.82634 2.83878e-05 58.6327 38.3293 20.3049 -0.00148852 0.0233432 0.63185
 934 4.82636 2.86928e-05 58.5105 38.2303 20.2817 -0.00148848 0.0238113 0.631277
 935 4.82639 2.84457e-05 58.4823 38.2236 20.2602 -0.00148849 0.0238973 0.631356
 936 4.82642 2.87722e-05 58.378 38.1422 20.2372 -0.00148846 0.0240489 0.631085
 937 4.82645 2.86155e-05 58.3391 38.125 20.2155 -0.00148845 0.0237452 0.631095
 938 4.82648 2.89334e-05 58.2103 38.022 20.1898 -0.00148843 0.0237612 0.629703
 939 4.82651 2.87418e-05 58.0968 37.9323 20.1659 -0.0014884 0.0235014 0.629189
 940 4.82654 2.90881e-05 57.9491 37.8075 20.1431 -0.00148836 0.0236206 0.628159
 941 4.82657 2.90359e-05 57.7852 37.669 20.1176 -0.0014883 0.0240449 0.627322
 942 4.8266 2.9298e-05 57.586 37.4935 20.094 -0.00148822 0.0239218 0.624615
 943 4.82663 2.92896e-05 57.5108 37.4412 20.0711 -0.0014882 0.0235446 0.624078
 944 4.82665 2.63571e-05 57.457 37.4079 20.0506 -0.0014882 0.0237567 0.624233
 945 4.82668 2.64077e-05 57.3875 37.3598 20.0292 -0.00148819 0.0238478 0.623908
 946 4.8267 2.66258e-05 57.2908 37.2857 20.0066 -0.00148818 0.0237161 0.623191
 947 4.82673 2.66592e-05 57.2354 37.25 19.9869 -0.00148817 0.0235739 0.622994
 948 4.82676 2.69193e-05 57.1611 37.1977 19.9649 -0.00148815 0.0237153 0.622331
 949 4.82679 2.69686e-05 57.1415 37.198 19.945 -0.00148816 0.0237351 0.622361
 950 4.82681 2.72504e-05 57.0742 37.1518 19.9239 -0.00148814 0.0235111 0.621968
 951 4.82684 2.73201e-05 57.0209 37.1184 19.904 -0.00148814 0.0233166 0.621841
 952 4.82687 2.75787e-05 56.867 36.9866 19.8819 -0.00148808 0.022827 0.621062
 953 4.8269 2.77334e-05 56.8401 36.9804 19.8612 -0.00148809 0.0229208 0.620778
 954 4.82692 2.80102e-05 56.777 36.9389 19.8395 -0.00148807 0.0228694 0.620293
 955 4.82695 2.81541e-05 56.7435 36.9263 19.8188 -0.00148806 0.0229603 0.620086
 956 4.82698 2.84619e-05 56.744 36.9471 19.7984 -0.00148809 0.02296 0.620086
 957 4.82701 2.86329e-05 56.6696 36.8949 19.7761 -0.00148807 0.0228946 0.619115
 958 4.82704 2.89989e-05 56.6115 36.8614 19.7516 -0.00148806 0.0228943 0.61918
 959 4.82707 2.91328e-05 56.5513 36.8224 19.7304 -0.00148806 0.0231407 0.617939
 960 4.8271 2.95386e-05 56.5206 36.814 19.7081 -0.00148807 0.0230582 0.617638
 961 4.82713 2.96915e-05 56.4652 36.781 19.6856 -0.00148806 0.0231364 0.617231
 962 4.82716 3.01581e-05 56.3968 36.735 19.6632 -0.00148805 0.0235051 0.61657
 963 4.82719 3.0212e-05 56.3063 36.6689 19.6389 -0.00148802 0.0233189 0.615812
 964 4.82722 3.078e-05 56.1961 36.5823 19.6153 -0.00148798 0.0229473 0.615912
 965 4.82725 3.09729e-05 56.1295 36.5383 19.5928 -0.00148796 0.0228035 0.615669
 966 4.82728 3.14759e-05 56.0819 36.5127 19.5706 -0.00148796 0.0231251 0.615142
 967 4.82731 3.16535e-05 56.0262 36.481 19.5468 -0.00148796 0.0229984 0.614493
 968 4.82734 3.22623e-05 55.9092 36.3895 19.5212 -0.00148793 0.023296 0.614432
 969 4.82738 3.23353e-05 55.9097 36.4123 19.4988 -0.00148796 0.0232957 0.614431
 970 4.82741 3.3052e-05 55.8314 36.3581 19.4747 -0.00148795 0.023341 0.614521
 971 4.82744 3.32419e-05 55.7766 36.3273 19.4507 -0.00148793 0.0233344 0.613795
 972 4.82748 3.39424e-05 55.7363 36.3111 19.4266 -0.00148794 0.0234712 0.613736
 973 4.82751 3.40939e-05 55.6993 36.2982 19.4026 -0.00148794 0.0233986 0.613087
 974 4.82754 3.486e-05 55.679 36.3019 19.3786 -0.00148795 0.0234023 0.61302
 975 4.82758 3.51621e-05 55.5271 36.1759 19.3527 -0.0014879 0.0234439 0.611064
 976 4.82762 3.58521e-05 55.4687 36.1421 19.328 -0.00148789 0.0233699 0.610994
 977 4.82765 3.62116e-05 55.4045 36.1046 19.3014 -0.00148788 0.0230033 0.610344
 978 4.82769 3.65669e-05 55.3808 36.1058 19.2765 -0.0014879 0.0228913 0.609965
 979 4.82773 3.67159e-05 55.3088 36.0596 19.2507 -0.00148789 0.0231211 0.610199
 980 4.82776 3.68807e-05 55.2625 36.0403 19.2237 -0.00148789 0.0232362 0.609921
 981 4.8278 3.70707e-05 55.2229 36.0263 19.1981 -0.00148791 0.0234506 0.609204
 982 4.82784 3.72849e-05 55.1118 35.9422 19.1711 -0.00148787 0.0235336 0.608221
 983 4.82787 3.75144e-05 55.0448 35.9007 19.1456 -0.00148786 0.0233903 0.608267
 984 4.82791 3.77705e-05 54.9329 35.818 19.1164 -0.00148782 0.0233338 0.607802
 985 4.82795 3.80454e-05 54.8633 35.775 19.0898 -0.00148779 0.0230764 0.608199
 986 4.82799 3.83887e-05 54.8325 35.7699 19.0641 -0.00148781 0.0229537 0.607503
 987 4.82803 3.87411e-05 54.8029 35.7675 19.0369 -0.00148783 0.0227581 0.607115
 988 4.82807 3.90827e-05 54.7307 35.7222 19.0099 -0.00148782 0.0228553 0.606304
 989 4.82811 3.94313e-05 54.6888 35.7065 18.9837 -0.00148783 0.0230449 0.605989
 990 4.82815 3.97977e-05 54.6672 35.7116 18.9571 -0.00148785 0.023042 0.605557
 991 4.82819 4.02453e-05 54.5694 35.6426 18.9283 -0.00148781 0.0229091 0.60454
 992 4.82823 4.06806e-05 54.5104 35.6114 18.9005 -0.00148781 0.0228874 0.604386
 993 4.82827 4.11146e-05 54.391 35.5222 18.8703 -0.00148778 0.0223556 0.604392
 994 4.82831 4.16205e-05 54.3348 35.4934 18.8429 -0.00148777 0.0225724 0.604477
 995 4.82835 4.20991e-05 54.2538 35.4411 18.8143 -0.00148777 0.0229523 0.603958
 996 4.82839 4.26455e-05 54.1491 35.3662 18.7844 -0.00148774 0.0226194 0.603206
 997 4.82844 4.31734e-05 54.1304 35.3749 18.7569 -0.00148776 0.0227416 0.603173
 998 4.82848 4.37564e-05 54.0719 35.3456 18.7278 -0.00148775 0.0229569 0.602445
 999 4.82852 4.43514e-05 53.9668 35.2713 18.6969 -0.00148772 0.0232641 0.602919
 1000 4.82857 4.4961e-05 53.8618 35.197 18.6662 -0.00148769 0.023011 0.601793
 1001 4.82862 4.56066e-05 53.7376 35.104 18.6351 -0.00148765 0.0228999 0.600714
 1002 4.82866 4.62902e-05 53.6934 35.0899 18.605 -0.00148766 0.0228717 0.600828
 1003 4.82871 4.70071e-05 53.6309 35.0578 18.5745 -0.00148766 0.0230672 0.600343
 1004 4.82876 4.7663e-05 53.5701 35.027 18.5446 -0.00148766 0.0231402 0.600222
 1005 4.8288 4.83961e-05 53.4937 34.9822 18.513 -0.00148765 0.0231969 0.600872
 1006 4.82885 4.92073e-05 53.4357 34.9548 18.4823 -0.00148765 0.0234917 0.600713
 1007 4.8289 4.98902e-05 53.3904 34.9406 18.4513 -0.00148766 0.023452 0.600423
 1008 4.82895 5.07555e-05 53.2627 34.8475 18.4167 -0.00148763 0.0233175 0.598405
 1009 4.82901 5.15305e-05 53.1805 34.7987 18.3833 -0.00148761 0.0232669 0.597958
 1010 4.82906 5.24179e-05 53.1231 34.7733 18.3513 -0.00148762 0.0231953 0.59704
 1011 4.82911 5.32955e-05 52.997 34.6818 18.3167 -0.00148757 0.0231397 0.59556
 1012 4.82917 5.41411e-05 52.8291 34.5499 18.2807 -0.00148751 0.0229486 0.595284
 1013 4.82922 5.43347e-05 52.769 34.5236 18.2469 -0.00148752 0.0231495 0.594361
 1014 4.82927 5.37061e-05 52.6854 34.4778 18.2091 -0.00148751 0.0236377 0.594974
 1015 4.82933 5.25732e-05 52.6004 34.4257 18.1762 -0.00148748 0.0238908 0.5941
 1016 4.82938 5.21136e-05 52.5243 34.3815 18.1442 -0.00148746 0.0239705 0.593968
 1017 4.82943 5.10967e-05 52.49 34.3772 18.1142 -0.00148747 0.0241773 0.593795
 1018 4.82948 5.08334e-05 52.415 34.3326 18.0839 -0.00148746 0.0241347 0.592869
 1019 4.82953 4.99544e-05 52.3584 34.3057 18.0542 -0.00148746 0.0241087 0.592882
 1020 4.82958 4.93078e-05 52.2105 34.1888 18.0232 -0.00148739 0.0239981 0.592532
 1021 4.82963 4.91692e-05 52.0967 34.1048 17.9934 -0.00148734 0.0241154 0.592258
 1022 4.82968 4.83019e-05 51.9888 34.0259 17.9643 -0.0014873 0.0246085 0.591743
 1023 4.82973 4.866e-05 51.8404 33.9086 17.9334 -0.00148723 0.024613 0.59174
 1024 4.82977 4.81048e-05 51.7493 33.8478 17.9029 -0.0014872 0.0246542 0.591186
 1025 4.82982 4.79195e-05 51.708 33.8347 17.8749 -0.00148721 0.02473 0.591201
 1026 4.82987 4.76388e-05 51.6224 33.777 17.8469 -0.00148717 0.02431 0.591134
 1027 4.82992 4.7071e-05 51.5459 33.7281 17.8193 -0.00148713 0.0240612 0.590561
 1028 4.82996 4.72064e-05 51.4841 33.6941 17.7915 -0.00148714 0.0240764 0.589524
 1029 4.83001 4.62222e-05 51.4245 33.661 17.765 -0.00148712 0.0243218 0.589044
 1030 4.83006 4.6571e-05 51.3678 33.6308 17.7386 -0.00148712 0.0245831 0.587822
 1031 4.8301 4.59362e-05 51.3346 33.6237 17.7124 -0.00148713 0.0247622 0.587756
 1032 4.83015 4.63968e-05 51.2875 33.6035 17.6855 -0.00148712 0.024614 0.587108
 1033 4.83019 4.53513e-05 51.1705 33.5122 17.6597 -0.00148706 0.0244148 0.586067
 1034 4.83024 4.59712e-05 51.084 33.4521 17.6334 -0.00148703 0.0245995 0.585375
 1035 4.83029 4.50365e-05 50.9973 33.3918 17.607 -0.001487 0.0250282 0.585696
 1036 4.83033 4.59549e-05 50.9587 33.3789 17.5813 -0.00148701 0.0248647 0.58553
 1037 4.83038 4.45587e-05 50.9145 33.3597 17.5563 -0.00148702 0.0250952 0.585832
 1038 4.83042 4.55936e-05 50.8387 33.3092 17.531 -0.00148699 0.0254269 0.586427
 1039 4.83047 4.43429e-05 50.7539 33.2488 17.5065 -0.00148697 0.0257482 0.585609
 1040 4.83051 4.46941e-05 50.725 33.244 17.4825 -0.00148698 0.0257904 0.585289
 1041 4.83056 4.44277e-05 50.6243 33.1682 17.4576 -0.00148694 0.0259991 0.584563
 1042 4.8306 4.39699e-05 50.6077 33.1747 17.4344 -0.00148696 0.0260025 0.584025
 1043 4.83064 4.44292e-05 50.5675 33.1584 17.4105 -0.00148693 0.0259578 0.584079
 1044 4.83069 4.3253e-05 50.5469 33.1611 17.3874 -0.00148696 0.0259061 0.583925
 1045 4.83073 4.43665e-05 50.499 33.1374 17.363 -0.00148695 0.0259216 0.583671
 1046 4.83077 4.29265e-05 50.3998 33.0611 17.3402 -0.00148691 0.025781 0.583641
 1047 4.83082 4.39002e-05 50.37 33.0553 17.3162 -0.00148691 0.0258362 0.583627
 1048 4.83086 4.26055e-05 50.3249 33.0327 17.2937 -0.00148691 0.0257248 0.584098
 1049 4.8309 4.35657e-05 50.2087 32.9411 17.269 -0.00148685 0.0257831 0.583242
 1050 4.83095 4.2382e-05 50.112 32.869 17.2445 -0.00148681 0.025697 0.581984
 1051 4.83099 3.99944e-05 50.0402 32.8194 17.2222 -0.00148679 0.0256073 0.581578
 1052 4.83103 3.96852e-05 49.9932 32.7935 17.2013 -0.00148678 0.025257 0.58145
 1053 4.83107 3.94184e-05 49.9936 32.8137 17.1814 -0.00148681 0.0252565 0.58145
 1054 4.8311 3.91886e-05 49.9176 32.7597 17.1594 -0.00148678 0.0253573 0.58086
 1055 4.83114 3.89665e-05 49.8642 32.7278 17.1379 -0.00148676 0.0252428 0.580084
 1056 4.83118 3.88346e-05 49.8402 32.7243 17.1174 -0.00148677 0.0252647 0.579523
 1057 4.83122 3.87092e-05 49.7663 32.672 17.0958 -0.00148673 0.0252441 0.578789
 1058 4.83126 3.86121e-05 49.6849 32.6128 17.0736 -0.0014867 0.0251875 0.578363
 1059 4.8313 3.85418e-05 49.5668 32.516 17.0523 -0.00148663 0.0256137 0.577363
 1060 4.83134 3.85013e-05 49.507 32.4783 17.0301 -0.00148661 0.0256505 0.576615
 1061 4.83138 3.84905e-05 49.5074 32.4977 17.0112 -0.00148664 0.02565 0.576614
 1062 4.83141 3.84819e-05 49.4793 32.4892 16.9916 -0.00148665 0.0255228 0.576438
 1063 4.83145 3.85142e-05 49.4134 32.4445 16.9704 -0.00148662 0.0255999 0.575372
 1064 4.83149 3.73074e-05 49.3793 32.4292 16.9516 -0.00148662 0.025822 0.574973
 1065 4.83153 3.66521e-05 49.3165 32.3863 16.9317 -0.00148659 0.0256628 0.575155
 1066 4.83156 3.63714e-05 49.2887 32.3768 16.9133 -0.00148659 0.0257212 0.574913
 1067 4.8316 3.58472e-05 49.2135 32.3205 16.8945 -0.00148655 0.0258123 0.573668
 1068 4.83163 3.5625e-05 49.1769 32.3026 16.8758 -0.00148656 0.0256981 0.573233
 1069 4.83167 3.52282e-05 49.1096 32.2541 16.857 -0.00148654 0.0254409 0.572535
 1070 4.8317 3.50029e-05 49.0573 32.2197 16.8391 -0.00148652 0.0252556 0.571827
 1071 4.83174 3.47185e-05 49.0223 32.2026 16.8212 -0.00148653 0.0251607 0.571159
 1072 4.83177 3.45411e-05 48.9412 32.1416 16.8011 -0.00148649 0.0250581 0.571395
 1073 4.83181 3.43444e-05 48.9118 32.1297 16.7836 -0.00148649 0.0251063 0.571064
 1074 4.83184 3.42027e-05 48.8811 32.116 16.7666 -0.00148649 0.0249282 0.570616
 1075 4.83188 3.40923e-05 48.835 32.0878 16.7487 -0.00148646 0.0250278 0.570636
 1076 4.83191 3.39795e-05 48.7841 32.0543 16.7313 -0.00148643 0.0252841 0.570602
 1077 4.83194 3.39514e-05 48.7598 32.0467 16.7146 -0.00148643 0.025172 0.570362
 1078 4.83198 3.38475e-05 48.7307 32.0343 16.6979 -0.00148642 0.0251799 0.569937
 1079 4.83201 3.39295e-05 48.731 32.0509 16.6816 -0.00148645 0.0251792 0.569937
 1080 4.83205 3.38413e-05 48.6428 31.9808 16.6635 -0.00148639 0.0252139 0.569704
 1081 4.83208 3.39866e-05 48.5923 31.9474 16.6464 -0.00148637 0.0252716 0.568854
 1082 4.83211 3.35715e-05 48.548 31.9202 16.6292 -0.00148635 0.0252206 0.568206
 1083 4.83215 3.36154e-05 48.5362 31.9246 16.613 -0.00148637 0.0252046 0.568024
 1084 4.83218 3.32473e-05 48.4894 31.8944 16.5965 -0.00148635 0.0251929 0.568757
 1085 4.83221 3.33331e-05 48.4587 31.8804 16.5797 -0.00148635 0.0253398 0.568935
 1086 4.83225 3.2878e-05 48.4194 31.8588 16.5621 -0.00148634 0.0254192 0.568987
 1087 4.83228 3.30867e-05 48.4197 31.8747 16.5465 -0.00148636 0.0254183 0.568988
 1088 4.83231 3.27314e-05 48.4064 31.8771 16.5308 -0.00148638 0.0254172 0.568721
 1089 4.83235 3.28772e-05 48.3902 31.8768 16.5149 -0.00148639 0.0254349 0.568586
 1090 4.83238 3.27244e-05 48.3316 31.8345 16.4986 -0.00148636 0.0255211 0.568249
 1091 4.83241 3.28983e-05 48.2779 31.7979 16.4815 -0.00148633 0.0254619 0.568166
 1092 4.83244 3.2619e-05 48.2164 31.7536 16.4643 -0.0014863 0.0258479 0.567875
 1093 4.83248 3.28785e-05 48.1733 31.7272 16.4476 -0.00148629 0.0258996 0.567539
 1094 4.83251 3.27675e-05 48.1306 31.7014 16.4307 -0.00148628 0.025705 0.567005
 1095 4.83254 3.30182e-05 48.0776 31.6652 16.4138 -0.00148626 0.02614 0.565658
 1096 4.83257 3.28189e-05 48.0324 31.6364 16.3976 -0.00148623 0.026209 0.565684
 1097 4.83261 3.31506e-05 48.0195 31.6392 16.3818 -0.00148624 0.026325 0.56551
 1098 4.83264 3.31472e-05 47.9798 31.6151 16.3662 -0.00148623 0.0262971 0.564864
 1099 4.83267 3.34605e-05 47.9535 31.6045 16.3504 -0.00148623 0.0264159 0.564133
 1100 4.83271 3.34303e-05 47.8745 31.5435 16.3326 -0.00148618 0.0262734 0.563273
 1101 4.83274 3.37594e-05 47.8407 31.5263 16.3159 -0.00148618 0.0262926 0.562844
 1102 4.83278 3.37849e-05 47.8306 31.5321 16.3 -0.00148619 0.0262346 0.562679
 1103 4.83281 3.41379e-05 47.8137 31.531 16.2842 -0.0014862 0.0261523 0.562693
 1104 4.83284 3.42619e-05 47.7397 31.4737 16.2675 -0.00148617 0.0262563 0.562911
 1105 4.83288 3.46292e-05 47.6615 31.4133 16.2496 -0.00148612 0.0263917 0.562279
 1106 4.83291 3.4391e-05 47.6277 31.3958 16.2334 -0.00148612 0.0265776 0.561887
 1107 4.83295 3.38305e-05 47.5566 31.3429 16.2153 -0.00148609 0.0268194 0.561531
 1108 4.83298 3.33618e-05 47.5226 31.325 16.1991 -0.00148607 0.0268421 0.561111
 1109 4.83301 3.29268e-05 47.4684 31.2876 16.1823 -0.00148604 0.0268604 0.560895
 1110 4.83305 3.25839e-05 47.3904 31.2275 16.1643 -0.00148599 0.026959 0.560536
 1111 4.83308 3.23581e-05 47.3907 31.2424 16.1498 -0.00148601 0.0269584 0.560537
 1112 4.83311 3.21836e-05 47.3772 31.2436 16.135 -0.00148602 0.0269529 0.560511
 1113 4.83314 3.21204e-05 47.3521 31.2348 16.1187 -0.00148602 0.0269775 0.560524
 1114 4.83317 3.19043e-05 47.3026 31.2011 16.103 -0.001486 0.0267656 0.560022
 1115 4.83321 3.17342e-05 47.2709 31.1843 16.088 -0.001486 0.0266791 0.559612
 1116 4.83324 3.15762e-05 47.2331 31.1617 16.0729 -0.00148598 0.0265944 0.559158
 1117 4.83327 3.15319e-05 47.2104 31.1538 16.0581 -0.00148598 0.0266117 0.558931
 1118 4.8333 3.15155e-05 47.2011 31.1585 16.0441 -0.00148599 0.0265291 0.558496
 1119 4.83333 3.15008e-05 47.1582 31.1319 16.0277 -0.00148596 0.0264603 0.557833
 1120 4.83336 3.15275e-05 47.1179 31.1067 16.0127 -0.00148594 0.0265519 0.557326
 1121 4.8334 3.15552e-05 47.1182 31.121 15.9987 -0.00148596 0.0265514 0.557327
 1122 4.83343 3.16009e-05 47.1077 31.1248 15.9844 -0.00148597 0.0266638 0.55739
 1123 4.83346 3.16722e-05 47.0917 31.1231 15.9701 -0.00148598 0.0267289 0.557266
 1124 4.83349 3.17423e-05 47.0315 31.0793 15.9536 -0.00148595 0.0266605 0.557439
 1125 4.83352 3.1824e-05 47.0065 31.069 15.9391 -0.00148594 0.0267112 0.557266
 1126 4.83355 3.19857e-05 46.9748 31.0523 15.924 -0.00148593 0.0265643 0.557252
 1127 4.83359 3.20937e-05 46.9362 31.0282 15.9095 -0.00148591 0.0266868 0.556963
 1128 4.83362 3.21665e-05 46.9029 31.0096 15.8949 -0.0014859 0.0266352 0.556293
 1129 4.83365 3.22356e-05 46.8208 30.943 15.8793 -0.00148584 0.0261963 0.555829
 1130 4.83368 3.2383e-05 46.7578 30.8951 15.8642 -0.0014858 0.0262168 0.555652
 1131 4.83372 3.25217e-05 46.7155 30.8684 15.8486 -0.00148578 0.0261104 0.555288
 1132 4.83375 3.26403e-05 46.7014 30.8687 15.8342 -0.00148579 0.0260712 0.555292
 1133 4.83378 3.28328e-05 46.6296 30.8136 15.8175 -0.00148575 0.026297 0.554562
 1134 4.83381 3.30545e-05 46.5825 30.7817 15.8022 -0.00148573 0.0262838 0.554743
 1135 4.83385 3.33718e-05 46.5827 30.7965 15.7878 -0.00148575 0.0262834 0.554744
 1136 4.83388 3.36454e-05 46.5429 30.7726 15.7718 -0.00148574 0.0261413 0.55402
 1137 4.83392 3.39737e-05 46.5111 30.7562 15.7564 -0.00148573 0.0260595 0.553445
 1138 4.83395 3.41213e-05 46.4686 30.7305 15.7396 -0.00148571 0.0263833 0.552814
 1139 4.83398 3.43628e-05 46.4588 30.7356 15.7247 -0.00148573 0.0265208 0.552648
 1140 4.83402 3.46321e-05 46.4328 30.725 15.7093 -0.00148573 0.026614 0.552833
 1141 4.83405 3.49068e-05 46.367 30.6757 15.6927 -0.00148568 0.0265084 0.552082
 1142 4.83409 3.5112e-05 46.3673 30.691 15.6778 -0.00148571 0.0265079 0.552082
 1143 4.83412 3.53514e-05 46.3557 30.6946 15.6626 -0.00148572 0.0265989 0.552066
 1144 4.83416 3.5595e-05 46.3209 30.6754 15.647 -0.00148567 0.0262601 0.551878
 1145 4.83419 3.5855e-05 46.2566 30.6281 15.63 -0.00148564 0.0260295 0.551558
 1146 4.83423 3.61732e-05 46.2021 30.5898 15.6138 -0.00148562 0.0261238 0.551516
 1147 4.83427 3.65076e-05 46.1504 30.5544 15.5975 -0.00148559 0.0260348 0.550864
 1148 4.8343 3.72285e-05 46.1393 30.5593 15.5815 -0.00148561 0.0259409 0.551131
 1149 4.83434 3.7546e-05 46.0624 30.5001 15.5638 -0.00148555 0.0261921 0.550901
 1150 4.83438 3.78595e-05 46.0083 30.4627 15.5471 -0.00148552 0.0261445 0.550352
 1151 4.83442 3.81667e-05 45.9669 30.4378 15.5305 -0.00148551 0.0260664 0.550134
 1152 4.83446 3.85583e-05 45.944 30.4314 15.5141 -0.00148551 0.0258816 0.550264
 1153 4.8345 3.89888e-05 45.9103 30.415 15.4969 -0.0014855 0.0258513 0.550018
 1154 4.83454 3.9443e-05 45.8774 30.3991 15.4798 -0.00148549 0.0256717 0.549848
 1155 4.83458 3.97509e-05 45.856 30.3961 15.4614 -0.00148549 0.02574 0.549693
 1156 4.83462 4.01726e-05 45.8193 30.3769 15.4439 -0.00148548 0.0257163 0.549067
 1157 4.83466 4.05465e-05 45.783 30.3583 15.4262 -0.00148547 0.0253466 0.548594
 1158 4.8347 4.09314e-05 45.7532 30.3466 15.4081 -0.00148547 0.025213 0.548426
 1159 4.83474 4.13335e-05 45.7048 30.3167 15.3896 -0.00148544 0.0251818 0.548725
 1160 4.83478 4.17506e-05 45.6643 30.2961 15.3697 -0.00148542 0.0254136 0.548257
 1161 4.83482 4.21866e-05 45.565 30.217 15.3495 -0.00148533 0.0255572 0.547817
8 4.56502 0.00335932 0.0172758 0.0184007 0.000372424 -0.00149736 4.74582e-05 0.181445
 1039 4.56838 0.00335477 0.017276 0.0184009 0.000372484 -0.00149738 4.75437e-05 0.181445
 1040 4.57173 0.00334975 0.0172763 0.0184011 0.000372544 -0.00149741 4.76294e-05 0.181445
 1041 4.57507 0.00334527 0.0172765 0.0184013 0.000372603 -0.00149744 4.77151e-05 0.181445
 1042 4.57841 0.00334095 0.0172767 0.0184015 0.000372663 -0.00149746 4.78011e-05 0.181445
 1043 4.58175 0.00333648 0.017277 0.0184017 0.000372722 -0.00149749 4.78873e-05 0.181445
 1044 4.58508 0.00333224 0.0172772 0.0184019 0.000372782 -0.00149751 4.79737e-05 0.181445
 1045 4.58841 0.00332716 0.0172774 0.0184021 0.000372841 -0.00149754 4.80605e-05 0.181445
 1046 4.59173 0.00332332 0.0172777 0.0184023 0.0003729 -0.00149757 4.81474e-05 0.181445
 1047 4.59505 0.00331909 0.0172779 0.0184025 0.000372959 -0.00149759 4.82344e-05 0.181445
 1048 4.59837 0.00331537 0.0172781 0.0184027 0.000373018 -0.00149762 4.83215e-05 0.181445
 1049 4.60168 0.00331191 0.0172784 0.0184029 0.000373077 -0.00149764 4.84091e-05 0.181445
 1050 4.60499 0.00330833 0.0172786 0.0184031 0.000373136 -0.00149767 4.84968e-05 0.181445
 1051 4.60829 0.00330388 0.0172778 0.0184023 0.000373187 -0.00149766 4.87984e-05 0.181445
 1052 4.6118 0.00350349 0.017278 0.0184025 0.000373249 -0.00149769 4.89003e-05 0.181445
 1053 4.6153 0.0035029 0.0172783 0.0184027 0.000373311 -0.00149771 4.90032e-05 0.181445
 1054 4.6188 0.00350119 0.0172785 0.0184029 0.000373374 -0.00149774 4.91066e-05 0.181445
 1055 4.6223 0.00350103 0.0172788 0.0184031 0.000373436 -0.00149777 4.92102e-05 0.181445
 1056 4.6258 0.00350123 0.017279 0.0184033 0.000373498 -0.0014978 4.93144e-05 0.181445
 1057 4.6293 0.00350125 0.0172793 0.0184035 0.00037356 -0.00149782 4.9419e-05 0.181445
 1058 4.6328 0.00350058 0.0172795 0.0184037 0.000373622 -0.00149785 4.95242e-05 0.181445
 1059 4.6363 0.003499 0.0172797 0.0184039 0.000373684 -0.00149788 4.96296e-05 0.181445
 1060 4.6398 0.00349396 0.01728 0.0184041 0.000373746 -0.0014979 4.97355e-05 0.181445
 1061 4.64329 0.00348906 0.0172802 0.0184044 0.000373808 -0.00149793 4.98416e-05 0.181445
 1062 4.64677 0.00348355 0.0172805 0.0184046 0.000373869 -0.00149796 4.99479e-05 0.181445
 1063 4.65025 0.00347818 0.0172807 0.0184048 0.000373931 -0.00149799 5.00545e-05 0.181445
 1064 4.65372 0.00347334 0.017281 0.018405 0.000373992 -0.00149801 5.01613e-05 0.181445
 1065 4.65719 0.00346826 0.0172812 0.0184052 0.000374053 -0.00149804 5.02684e-05 0.181445
 1066 4.66065 0.0034641 0.0172814 0.0184054 0.000374115 -0.00149807 5.03757e-05 0.181445
 1067 4.66411 0.00346006 0.0172817 0.0184056 0.000374176 -0.0014981 5.04833e-05 0.181445
 1068 4.66757 0.00345581 0.0172819 0.0184058 0.000374237 -0.00149812 5.05911e-05 0.181445
 1069 4.67102 0.00345204 0.0172822 0.018406 0.000374298 -0.00149815 5.06993e-05 0.181445
 1070 4.67447 0.00344768 0.0172824 0.0184062 0.000374358 -0.00149818 5.08078e-05 0.181445
 1071 4.67791 0.00344309 0.0172826 0.0184064 0.000374419 -0.0014982 5.09166e-05 0.181445
 1072 4.68135 0.00343863 0.0172829 0.0184066 0.00037448 -0.00149823 5.10253e-05 0.181445
 1073 4.68479 0.00343486 0.0172831 0.0184069 0.00037454 -0.00149826 5.11344e-05 0.181445
 1074 4.68822 0.00343083 0.0172834 0.0184071 0.000374601 -0.00149828 5.12439e-05 0.181445
 1075 4.69164 0.00342682 0.0172836 0.0184073 0.000374661 -0.00149831 5.13538e-05 0.181445
 1076 4.69507 0.00342367 0.0172839 0.0184075 0.000374722 -0.00149834 5.14638e-05 0.181445
 1077 4.69849 0.00341988 0.0172841 0.0184077 0.000374782 -0.00149836 5.15741e-05 0.181445
 1078 4.7019 0.00341602 0.0172843 0.0184079 0.000374842 -0.00149839 5.16846e-05 0.181445
 1079 4.70531 0.00341207 0.0172846 0.0184081 0.000374903 -0.00149842 5.17954e-05 0.181445
 1080 4.70872 0.00340689 0.0172848 0.0184083 0.000374963 -0.00149844 5.19064e-05 0.181445
 1081 4.71212 0.00339824 0.0172851 0.0184085 0.000375023 -0.00149847 5.20175e-05 0.181445
 1082 4.71551 0.0033897 0.0172853 0.0184087 0.000375082 -0.0014985 5.21286e-05 0.181445
 1083 4.71889 0.00338131 0.0172855 0.0184089 0.000375142 -0.00149852 5.22399e-05 0.181445
 1084 4.72226 0.00337292 0.0172858 0.0184091 0.000375201 -0.00149855 5.23512e-05 0.181445
 1085 4.72563 0.00336472 0.017284 0.0184073 0.000375244 -0.0014985 5.04635e-05 0.181443
 1086 4.72897 0.00334565 0.0172843 0.0184075 0.000375305 -0.00149853 5.05612e-05 0.181443
 1087 4.73232 0.00334223 0.0172845 0.0184077 0.000375365 -0.00149855 5.06593e-05 0.181443
 1088 4.73565 0.00333636 0.0172847 0.0184079 0.000375425 -0.00149858 5.07576e-05 0.181443
 1089 4.73898 0.00333085 0.017285 0.0184081 0.000375484 -0.00149861 5.08559e-05 0.181443
 1090 4.74231 0.00332575 0.0172852 0.0184083 0.000375544 -0.00149863 5.09543e-05 0.181443
 1091 4.74563 0.0033199 0.0172854 0.0184085 0.000375603 -0.00149866 5.10528e-05 0.181443
 1092 4.74894 0.0033129 0.0172856 0.0184087 0.000375662 -0.00149868 5.11514e-05 0.181443
 1093 4.75225 0.00330597 0.0172859 0.0184089 0.00037572 -0.00149871 5.12501e-05 0.181443
 1094 4.75555 0.00329934 0.0172861 0.0184091 0.000375779 -0.00149874 5.13489e-05 0.181443
 1095 4.75884 0.00329299 0.0172863 0.0184093 0.000375837 -0.00149876 5.14478e-05 0.181443
 1096 4.76213 0.00328658 0.0172866 0.0184094 0.000375895 -0.00149879 5.15467e-05 0.181443
 1097 4.76541 0.00328066 0.0172868 0.0184096 0.000375953 -0.00149881 5.16458e-05 0.181443
 1098 4.76868 0.0032749 0.017287 0.0184098 0.00037601 -0.00149884 5.1745e-05 0.181443
 1099 4.77195 0.00326915 0.0172872 0.01841 0.000376067 -0.00149887 5.18445e-05 0.181443
 1100 4.77522 0.00326366 0.0172875 0.0184102 0.000376125 -0.00149889 5.19442e-05 0.181443
 1101 4.77847 0.00325835 0.0172877 0.0184104 0.000376181 -0.00149892 5.20438e-05 0.181443
 1102 4.78173 0.00325339 0.0172879 0.0184106 0.000376238 -0.00149894 5.21436e-05 0.181443
 1103 4.78498 0.00324859 0.0172881 0.0184108 0.000376295 -0.00149897 5.22436e-05 0.181443
 1104 4.78822 0.00324384 0.0172873 0.0184099 0.000376337 -0.00149896 5.30646e-05 0.181443
 1105 4.79132 0.00309623 0.0172875 0.0184101 0.000376392 -0.00149898 5.3156e-05 0.181443
 1106 4.79442 0.00310228 0.0172867 0.0184092 0.000376429 -0.00149897 5.24266e-05 0.181442
 1107 4.79752 0.00310524 0.0172858 0.0184083 0.000376467 -0.00149895 5.28089e-05 0.181441
 1108 4.80081 0.00328847 0.017286 0.0184085 0.000376524 -0.00149898 5.29036e-05 0.181441
 1109 4.8041 0.00328951 0.0172863 0.0184087 0.00037658 -0.00149901 5.29969e-05 0.181441
 1110 4.80739 0.00329077 0.0172865 0.0184089 0.000376636 -0.00149903 5.30906e-05 0.181441
 1111 4.81068 0.00329208 0.0172867 0.0184091 0.000376692 -0.00149906 5.31846e-05 0.181441
 1112 4.81398 0.00329433 0.0172869 0.0184092 0.000376748 -0.00149908 5.32789e-05 0.181441
 1113 4.81727 0.00329614 0.0172861 0.0184084 0.000376788 -0.00149907 5.22561e-05 0.181441
 1114 4.82057 0.00329851 0.0172863 0.0184086 0.000376843 -0.0014991 5.23536e-05 0.181441
 1115 4.82387 0.00330087 0.0172865 0.0184088 0.000376899 -0.00149912 5.24523e-05 0.181441
 1116 4.82718 0.00330333 0.0172868 0.0184089 0.000376954 -0.00149915 5.25509e-05 0.181441
 1117 4.83048 0.00330534 0.017287 0.0184091 0.00037701 -0.00149917 5.26503e-05 0.181441
 1118 4.83379 0.0033045 0.0172872 0.0184093 0.000377065 -0.0014992 5.27498e-05 0.181441
 1119 4.83709 0.00330402 0.0172874 0.0184095 0.000377121 -0.00149923 5.28495e-05 0.181441
 1120 4.8404 0.00330469 0.0172876 0.0184097 0.000377176 -0.00149925 5.29496e-05 0.181441
 1121 4.8437 0.0033058 0.0172878 0.0184099 0.000377231 -0.00149928 5.30501e-05 0.181441
 1122 4.84701 0.0033076 0.0172881 0.0184101 0.000377286 -0.0014993 5.3151e-05 0.181441
 1123 4.85032 0.00331 0.0172883 0.0184103 0.000377342 -0.00149933 5.32523e-05 0.181441
 1124 4.85363 0.00331311 0.0172885 0.0184105 0.000377397 -0.00149936 5.33539e-05 0.181441
 1125 4.85695 0.0033162 0.0172887 0.0184106 0.000377452 -0.00149938 5.34562e-05 0.181441
 1126 4.86026 0.00331643 0.0172889 0.0184108 0.000377508 -0.00149941 5.35588e-05 0.18144
 1127 4.86358 0.00331686 0.0172892 0.018411 0.000377563 -0.00149943 5.36615e-05 0.18144
 1128 4.8669 0.00331699 0.0172894 0.0184112 0.000377618 -0.00149946 5.37646e-05 0.18144
 1129 4.87022 0.00331728 0.0172896 0.0184114 0.000377674 -0.00149949 5.3868e-05 0.18144
 1130 4.87353 0.0033173 0.0172898 0.0184116 0.000377729 -0.00149951 5.39716e-05 0.18144
 1131 4.87685 0.00331408 0.01729 0.0184118 0.000377784 -0.00149954 5.40754e-05 0.18144
 1132 4.88016 0.00330939 0.0172903 0.018412 0.00037784 -0.00149956 5.41792e-05 0.18144
 1133 4.88346 0.00330464 0.0172905 0.0184122 0.000377895 -0.00149959 5.42831e-05 0.18144
 1134 4.88676 0.00329959 0.0172907 0.0184124 0.00037795 -0.00149961 5.43872e-05 0.18144
 1135 4.89006 0.00329452 0.0172899 0.0184115 0.000377992 -0.0014996 5.53616e-05 0.18144
 1136 4.89336 0.00330928 0.0172901 0.0184117 0.000378048 -0.00149963 5.54757e-05 0.18144
 1137 4.89667 0.00330657 0.0172903 0.0184119 0.000378104 -0.00149966 5.55901e-05 0.18144
 1138 4.89997 0.00330255 0.0172906 0.0184121 0.00037816 -0.00149968 5.57044e-05 0.18144
 1139 4.90327 0.00329856 0.0172908 0.0184123 0.000378216 -0.00149971 5.58189e-05 0.18144
 1140 4.90657 0.00329509 0.017291 0.0184125 0.000378272 -0.00149973 5.59336e-05 0.18144
 1141 4.90986 0.00328959 0.0172912 0.0184126 0.000378328 -0.00149976 5.60483e-05 0.18144
 1142 4.91314 0.00328435 0.0172914 0.0184128 0.000378383 -0.00149978 5.61634e-05 0.18144
 1143 4.91642 0.00327844 0.0172917 0.018413 0.000378439 -0.00149981 5.62785e-05 0.18144
 1144 4.91969 0.00327229 0.0172919 0.0184132 0.000378495 -0.00149983 5.63937e-05 0.18144
 1145 4.92296 0.00326495 0.0172921 0.0184134 0.000378551 -0.00149986 5.65089e-05 0.18144
 1146 4.92622 0.00325793 0.0172912 0.0184124 0.000378595 -0.00149985 5.57255e-05 0.181439
 1147 4.92939 0.00317565 0.0172914 0.0184126 0.00037865 -0.00149987 5.58294e-05 0.181439
 1148 4.93256 0.00316464 0.0172916 0.0184128 0.000378705 -0.0014999 5.5933e-05 0.181439
 1149 4.93571 0.00315332 0.0172918 0.018413 0.00037876 -0.00149992 5.60366e-05 0.181439
 1150 4.93885 0.00314226 0.017292 0.0184131 0.000378815 -0.00149995 5.614e-05 0.181439
 1151 4.94198 0.00313205 0.0172922 0.0184133 0.000378869 -0.00149997 5.62435e-05 0.181439
 1152 4.94511 0.00312226 0.0172924 0.0184135 0.000378924 -0.0015 5.63468e-05 0.181439
 1153 4.94822 0.00311239 0.0172926 0.0184137 0.000378978 -0.00150002 5.64503e-05 0.181439
 1154 4.95132 0.00310246 0.0172907 0.0184116 0.000378994 -0.00149997 5.46558e-05 0.181438
 1155 4.95454 0.00322175 0.0172909 0.0184118 0.000379048 -0.00149999 5.47475e-05 0.181438
 1156 4.95776 0.00321521 0.0172911 0.018412 0.000379103 -0.00150002 5.48398e-05 0.181438
 1157 4.96097 0.00320893 0.0172913 0.0184122 0.000379158 -0.00150004 5.49322e-05 0.181438
 1158 4.96417 0.00320176 0.0172915 0.0184124 0.000379212 -0.00150007 5.50248e-05 0.181438
 1159 4.96736 0.00319576 0.0172917 0.0184125 0.000379267 -0.00150009 5.51174e-05 0.181438
 1160 4.97055 0.00318916 0.0172919 0.0184127 0.000379321 -0.00150012 5.521e-05 0.181438
 1161 4.97373 0.00318187 0.0172921 0.0184129 0.000379375 -0.00150014 5.53028e-05 0.181438
 1162 4.97691 0.00317464 0.0172923 0.0184131 0.000379429 -0.00150017 5.53957e-05 0.181438
 1163 4.98008 0.00316774 0.0172925 0.0184132 0.000379483 -0.00150019 5.54886e-05 0.181438
 1164 4.98324 0.00316132 0.0172927 0.0184134 0.000379537 -0.00150022 5.55817e-05 0.181438
 1165 4.98639 0.00315535 0.0172929 0.0184136 0.000379591 -0.00150024 5.56749e-05 0.181438
 1166 4.98954 0.00314894 0.0172932 0.0184138 0.000379644 -0.00150027 5.57683e-05 0.181438
 1167 4.99269 0.00314304 0.0172934 0.018414 0.000379698 -0.00150029 5.58617e-05 0.181438
 1168 4.99582 0.00313735 0.0172936 0.0184141 0.000379751 -0.00150032 5.59552e-05 0.181438
 1169 4.99895 0.00313155 0.0172926 0.0184131 0.000379779 -0.0015003 5.67541e-05 0.181437
 1170 5.00217 0.00321285 0.0172928 0.0184133 0.000379833 -0.00150033 5.68441e-05 0.181437
 1171 5.00538 0.00320782 0.017293 0.0184135 0.000379887 -0.00150035 5.69326e-05 0.181437
 1172 5.00858 0.00320299 0.0172932 0.0184137 0.000379941 -0.00150038 5.70212e-05 0.181437
 1173 5.01178 0.00319841 0.0172935 0.0184139 0.000379995 -0.0015004 5.71098e-05 0.181437
 1174 5.01497 0.00319458 0.0172937 0.018414 0.000380048 -0.00150043 5.71986e-05 0.181437
 1175 5.01816 0.00319035 0.0172939 0.0184142 0.000380102 -0.00150045 5.72874e-05 0.181437
 1176 5.02135 0.00318575 0.0172941 0.0184144 0.000380155 -0.00150048 5.73763e-05 0.181437
 1177 5.02453 0.00318064 0.0172943 0.0184146 0.000380209 -0.0015005 5.74652e-05 0.181437
 1178 5.02771 0.00317733 0.0172945 0.0184148 0.000380262 -0.00150053 5.75541e-05 0.181437
 1179 5.03088 0.00317412 0.0172947 0.0184149 0.000380315 -0.00150055 5.76431e-05 0.181437
 1180 5.03405 0.00317152 0.0172949 0.0184151 0.000380368 -0.00150058 5.77322e-05 0.181437
 1181 5.03722 0.00316795 0.0172951 0.0184153 0.000380421 -0.0015006 5.78213e-05 0.181437
 1182 5.04038 0.00316495 0.0172944 0.0184145 0.000380457 -0.00150059 5.80571e-05 0.181436
 1183 5.04355 0.00316202 0.0172935 0.0184136 0.000380489 -0.00150058 5.95615e-05 0.181436
 1184 5.04671 0.00316872 0.0172937 0.0184137 0.000380542 -0.0015006 5.96613e-05 0.181436
 1185 5.04988 0.00316516 0.0172939 0.0184139 0.000380594 -0.00150062 5.97601e-05 0.181436
 1186 5.05304 0.00316158 0.0172941 0.0184141 0.000380647 -0.00150065 5.9859e-05 0.181436
 1187 5.0562 0.00315844 0.0172943 0.0184143 0.000380699 -0.00150067 5.99581e-05 0.181436
 1188 5.05936 0.00315527 0.0172945 0.0184144 0.000380751 -0.0015007 6.00573e-05 0.181436
 1189 5.06251 0.00315106 0.0172947 0.0184146 0.000380803 -0.00150072 6.01566e-05 0.181436
 1190 5.06565 0.00314776 0.0172939 0.0184138 0.000380844 -0.00150071 5.93016e-05 0.181435
 1191 5.0688 0.00314341 0.0172941 0.018414 0.000380896 -0.00150073 5.9405e-05 0.181435
 1192 5.07194 0.00313968 0.0172943 0.0184141 0.000380947 -0.00150076 5.95094e-05 0.181435
 1193 5.07507 0.00313527 0.0172945 0.0184143 0.000380999 -0.00150078 5.9614e-05 0.181435
 1194 5.0782 0.00312988 0.0172947 0.0184145 0.00038105 -0.00150081 5.97186e-05 0.181435
 1195 5.08133 0.00312502 0.0172949 0.0184146 0.000381101 -0.00150083 5.98233e-05 0.181435
 1196 5.08445 0.00312105 0.0172951 0.0184148 0.000381152 -0.00150086 5.99283e-05 0.181435
 1197 5.08757 0.003117 0.0172942 0.0184139 0.000381168 -0.00150084 6.14531e-05 0.181434
 1198 5.09082 0.00325012 0.0172944 0.0184141 0.000381221 -0.00150087 6.15676e-05 0.181434
 1199 5.09406 0.00324849 0.0172946 0.0184142 0.000381274 -0.00150089 6.16823e-05 0.181434
 1200 5.09731 0.00324683 0.0172948 0.0184144 0.000381327 -0.00150092 6.17973e-05 0.181434
 1201 5.10056 0.00324485 0.017295 0.0184146 0.000381379 -0.00150094 6.19124e-05 0.181434
 1202 5.1038 0.00324273 0.0172952 0.0184148 0.000381431 -0.00150097 6.20277e-05 0.181434
 1203 5.10704 0.00323986 0.0172954 0.0184149 0.000381484 -0.00150099 6.21432e-05 0.181434
 1204 5.11028 0.00323727 0.0172956 0.0184151 0.000381536 -0.00150102 6.22591e-05 0.181434
 1205 5.11351 0.00323391 0.0172947 0.0184141 0.000381571 -0.00150101 6.38873e-05 0.181433
 1206 5.11688 0.0033742 0.0172949 0.0184143 0.000381625 -0.00150103 6.40099e-05 0.181433
 1207 5.12026 0.00337453 0.0172951 0.0184145 0.000381678 -0.00150106 6.41318e-05 0.181433
 1208 5.12363 0.00337413 0.0172953 0.0184147 0.000381732 -0.00150109 6.42538e-05 0.181433
 1209 5.12701 0.0033746 0.0172955 0.0184149 0.000381786 -0.00150111 6.43759e-05 0.181433
 1210 5.13038 0.00337452 0.0172958 0.0184151 0.00038184 -0.00150114 6.44983e-05 0.181433
 1211 5.13376 0.00337443 0.017296 0.0184152 0.000381893 -0.00150117 6.46207e-05 0.181433
 1212 5.13713 0.00337433 0.0172962 0.0184154 0.000381947 -0.00150119 6.47433e-05 0.181433
 1213 5.1405 0.00337395 0.0172964 0.0184156 0.000382 -0.00150122 6.4866e-05 0.181433
 1214 5.14388 0.00337341 0.0172966 0.0184158 0.000382053 -0.00150124 6.4989e-05 0.181433
 1215 5.14725 0.00337285 0.0172968 0.018416 0.000382106 -0.00150127 6.51121e-05 0.181433
 1216 5.15062 0.00337233 0.0172971 0.0184162 0.00038216 -0.0015013 6.52354e-05 0.181433
 1217 5.15399 0.0033718 0.0172973 0.0184164 0.000382213 -0.00150132 6.53589e-05 0.181433
 1218 5.15737 0.00337096 0.0172975 0.0184166 0.000382266 -0.00150135 6.54826e-05 0.181433
 1219 5.16074 0.00337034 0.0172977 0.0184168 0.000382319 -0.00150137 6.56065e-05 0.181433
 1220 5.16411 0.00336955 0.0172979 0.018417 0.000382372 -0.0015014 6.57304e-05 0.181433
 1221 5.16747 0.00336853 0.0172981 0.0184171 0.000382425 -0.00150143 6.58545e-05 0.181433
 1222 5.17084 0.00336745 0.0172984 0.0184173 0.000382478 -0.00150145 6.59787e-05 0.181433
 1223 5.17421 0.00336606 0.0172986 0.0184175 0.000382531 -0.00150148 6.61031e-05 0.181433
 1224 5.17757 0.00336504 0.0172988 0.0184177 0.000382584 -0.00150151 6.62275e-05 0.181433
 1225 5.18094 0.00336387 0.017299 0.0184179 0.000382637 -0.00150153 6.63522e-05 0.181433
 1226 5.1843 0.00336234 0.0172992 0.0184181 0.000382689 -0.00150156 6.6477e-05 0.181433
 1227 5.18766 0.00336066 0.0172995 0.0184183 0.000382742 -0.00150158 6.6602e-05 0.181433
 1228 5.19102 0.00335919 0.0172997 0.0184185 0.000382795 -0.00150161 6.67273e-05 0.181433
 1229 5.19437 0.00335645 0.0172999 0.0184187 0.000382848 -0.00150164 6.68526e-05 0.181433
 1230 5.19773 0.00335384 0.0173001 0.0184189 0.0003829 -0.00150166 6.69779e-05 0.181433
 1231 5.20108 0.0033511 0.0173004 0.0184191 0.000382953 -0.00150169 6.71034e-05 0.181433
 1232 5.20443 0.0033479 0.0173006 0.0184193 0.000383006 -0.00150171 6.72289e-05 0.181433
 1233 5.20777 0.00334423 0.0173008 0.0184195 0.000383059 -0.00150174 6.73546e-05 0.181433
 1234 5.21111 0.00334067 0.017301 0.0184197 0.000383111 -0.00150177 6.74801e-05 0.181433
 1235 5.21445 0.00333716 0.0173013 0.0184199 0.000383164 -0.00150179 6.76059e-05 0.181433
 1236 5.21778 0.00333372 0.0173015 0.0184201 0.000383217 -0.00150182 6.77317e-05 0.181433
 1237 5.22111 0.00332975 0.0173008 0.0184193 0.000383257 -0.00150181 6.91287e-05 0.181433
 1238 5.22444 0.00332542 0.017301 0.0184195 0.000383311 -0.00150183 6.92611e-05 0.181433
 1239 5.22776 0.00332146 0.0173012 0.0184197 0.000383364 -0.00150186 6.93934e-05 0.181433
 1240 5.23108 0.00331692 0.0173014 0.0184199 0.000383417 -0.00150188 6.95258e-05 0.181433
 1241 5.23439 0.0033118 0.0173016 0.0184201 0.00038347 -0.00150191 6.96581e-05 0.181433
 1242 5.2377 0.00330633 0.0173019 0.0184203 0.000383523 -0.00150193 6.97903e-05 0.181433
 1243 5.241 0.00330028 0.0173021 0.0184205 0.000383576 -0.00150196 6.99226e-05 0.181433
 1244 5.24429 0.00329312 0.0173023 0.0184207 0.000383629 -0.00150199 7.00547e-05 0.181433
 1245 5.24757 0.00328515 0.0173014 0.0184198 0.000383658 -0.00150197 7.0845e-05 0.181432
 1246 5.25104 0.00346169 0.0173017 0.01842 0.000383713 -0.001502 7.09773e-05 0.181432
 1247 5.25449 0.00345421 0.0173019 0.0184202 0.000383768 -0.00150203 7.11081e-05 0.181432
 1248 5.25794 0.00344626 0.0173021 0.0184204 0.000383823 -0.00150205 7.12389e-05 0.181432
 1249 5.26137 0.00343787 0.0173024 0.0184206 0.000383878 -0.00150208 7.13695e-05 0.181432
 1250 5.2648 0.00342931 0.0173026 0.0184208 0.000383932 -0.00150211 7.14998e-05 0.181432
 1251 5.26822 0.00342033 0.0173028 0.018421 0.000383987 -0.00150213 7.16298e-05 0.181432
 1252 5.27163 0.00341128 0.0173031 0.0184212 0.000384041 -0.00150216 7.17593e-05 0.181432
 1253 5.27504 0.00340198 0.0173033 0.0184214 0.000384095 -0.00150219 7.18887e-05 0.181432
 1254 5.27843 0.00339273 0.0173035 0.0184216 0.000384149 -0.00150221 7.20178e-05 0.181432
 1255 5.28181 0.00338349 0.0173037 0.0184218 0.000384203 -0.00150224 7.21468e-05 0.181432
