The system is: Darwin - 24.0.0 - arm64
Compiling the CXX compiler identification source file "CMakeCXXCompilerId.cpp" succeeded.
Compiler: /opt/homebrew/bin/g++-14 
Build flags: 
Id flags:  

The output was:
0


Compilation of the CXX compiler identification source "CMakeCXXCompilerId.cpp" produced "a.out"

The CXX compiler identification is GNU, found in "/Users/lilywatanabe/Desktop/eth/thesis/SPH-EXA-fork/cmake-build-release/CMakeFiles/3.24.2/CompilerIdCXX/a.out"

Compiling the C compiler identification source file "CMakeCCompilerId.c" succeeded.
Compiler: /opt/homebrew/bin/gcc-14 
Build flags: 
Id flags:  

The output was:
0


Compilation of the C compiler identification source "CMakeCCompilerId.c" produced "a.out"

The C compiler identification is GNU, found in "/Users/lilywatanabe/Desktop/eth/thesis/SPH-EXA-fork/cmake-build-release/CMakeFiles/3.24.2/CompilerIdC/a.out"

Detecting CXX compiler ABI info compiled with the following output:
Change Dir: /Users/lilywatanabe/Desktop/eth/thesis/SPH-EXA-fork/cmake-build-release/CMakeFiles/CMakeTmp

Run Build Command(s):/Applications/CLion.app/Contents/bin/ninja/mac/ninja cmTC_3a229 && [1/2] Building CXX object CMakeFiles/cmTC_3a229.dir/CMakeCXXCompilerABI.cpp.o
Using built-in specs.
COLLECT_GCC=/opt/homebrew/bin/g++-14
Target: aarch64-apple-darwin23
Configured with: ../configure --prefix=/opt/homebrew/opt/gcc --libdir=/opt/homebrew/opt/gcc/lib/gcc/current --disable-nls --enable-checking=release --with-gcc-major-version-only --enable-languages=c,c++,objc,obj-c++,fortran,m2 --program-suffix=-14 --with-gmp=/opt/homebrew/opt/gmp --with-mpfr=/opt/homebrew/opt/mpfr --with-mpc=/opt/homebrew/opt/libmpc --with-isl=/opt/homebrew/opt/isl --with-zstd=/opt/homebrew/opt/zstd --with-pkgversion='Homebrew GCC 14.2.0' --with-bugurl=https://github.com/Homebrew/homebrew-core/issues --with-system-zlib --build=aarch64-apple-darwin23 --with-sysroot=/Library/Developer/CommandLineTools/SDKs/MacOSX14.sdk
Thread model: posix
Supported LTO compression algorithms: zlib zstd
gcc version 14.2.0 (Homebrew GCC 14.2.0) 
COLLECT_GCC_OPTIONS='-fdiagnostics-color=always' '-isysroot' '/Library/Developer/CommandLineTools/SDKs/MacOSX14.2.sdk' '-v' '-o' 'CMakeFiles/cmTC_3a229.dir/CMakeCXXCompilerABI.cpp.o' '-c' '-mmacosx-version-min=15.0.0' '-asm_macosx_version_min=15.0' '-nodefaultexport' '-mcpu=apple-m1' '-mlittle-endian' '-mabi=lp64' '-dumpdir' 'CMakeFiles/cmTC_3a229.dir/'
 /opt/homebrew/Cellar/gcc/14.2.0/bin/../libexec/gcc/aarch64-apple-darwin23/14/cc1plus -quiet -v -iprefix /opt/homebrew/Cellar/gcc/14.2.0/bin/../lib/gcc/current/gcc/aarch64-apple-darwin23/14/ -D__DYNAMIC__ -isysroot /Library/Developer/CommandLineTools/SDKs/MacOSX14.2.sdk /Applications/CLion.app/Contents/bin/cmake/mac/share/cmake-3.24/Modules/CMakeCXXCompilerABI.cpp -fPIC -quiet -dumpdir CMakeFiles/cmTC_3a229.dir/ -dumpbase CMakeCXXCompilerABI.cpp.cpp -dumpbase-ext .cpp -mmacosx-version-min=15.0.0 -mcpu=apple-m1 -mlittle-endian -mabi=lp64 -version -fdiagnostics-color=always -o /var/folders/wg/dfjp7xm90m79qr86gvs_lnhr0000gn/T//ccolgJmN.s
GNU C++17 (Homebrew GCC 14.2.0) version 14.2.0 (aarch64-apple-darwin23)
	compiled by GNU C version 14.2.0, GMP version 6.3.0, MPFR version 4.2.1, MPC version 1.3.1, isl version isl-0.27-GMP

GGC heuristics: --param ggc-min-expand=100 --param ggc-min-heapsize=131072
ignoring nonexistent directory "/opt/homebrew/Cellar/gcc/14.2.0/bin/../lib/gcc/current/gcc/aarch64-apple-darwin23/14/../../../../../../aarch64-apple-darwin23/include"
ignoring duplicate directory "/opt/homebrew/Cellar/gcc/14.2.0/bin/../lib/gcc/current/gcc/../../../../lib/gcc/current/gcc/aarch64-apple-darwin23/14/../../../../../../include/c++/14"
ignoring duplicate directory "/opt/homebrew/Cellar/gcc/14.2.0/bin/../lib/gcc/current/gcc/../../../../lib/gcc/current/gcc/aarch64-apple-darwin23/14/../../../../../../include/c++/14/aarch64-apple-darwin23"
ignoring duplicate directory "/opt/homebrew/Cellar/gcc/14.2.0/bin/../lib/gcc/current/gcc/../../../../lib/gcc/current/gcc/aarch64-apple-darwin23/14/../../../../../../include/c++/14/backward"
ignoring duplicate directory "/opt/homebrew/Cellar/gcc/14.2.0/bin/../lib/gcc/current/gcc/../../../../lib/gcc/current/gcc/aarch64-apple-darwin23/14/include"
ignoring nonexistent directory "/Library/Developer/CommandLineTools/SDKs/MacOSX14.2.sdk/usr/local/include"
ignoring duplicate directory "/opt/homebrew/Cellar/gcc/14.2.0/bin/../lib/gcc/current/gcc/../../../../lib/gcc/current/gcc/aarch64-apple-darwin23/14/include-fixed"
ignoring nonexistent directory "/opt/homebrew/Cellar/gcc/14.2.0/bin/../lib/gcc/current/gcc/../../../../lib/gcc/current/gcc/aarch64-apple-darwin23/14/../../../../../../aarch64-apple-darwin23/include"
ignoring nonexistent directory "/Library/Developer/CommandLineTools/SDKs/MacOSX14.2.sdk/Library/Frameworks"
#include "..." search starts here:
#include <...> search starts here:
 /opt/homebrew/Cellar/gcc/14.2.0/bin/../lib/gcc/current/gcc/aarch64-apple-darwin23/14/../../../../../../include/c++/14
 /opt/homebrew/Cellar/gcc/14.2.0/bin/../lib/gcc/current/gcc/aarch64-apple-darwin23/14/../../../../../../include/c++/14/aarch64-apple-darwin23
 /opt/homebrew/Cellar/gcc/14.2.0/bin/../lib/gcc/current/gcc/aarch64-apple-darwin23/14/../../../../../../include/c++/14/backward
 /opt/homebrew/Cellar/gcc/14.2.0/bin/../lib/gcc/current/gcc/aarch64-apple-darwin23/14/include
 /opt/homebrew/Cellar/gcc/14.2.0/bin/../lib/gcc/current/gcc/aarch64-apple-darwin23/14/include-fixed
 /Library/Developer/CommandLineTools/SDKs/MacOSX14.2.sdk/usr/include
 /Library/Developer/CommandLineTools/SDKs/MacOSX14.2.sdk/System/Library/Frameworks
End of search list.
Compiler executable checksum: a75830afbe2c14ab123cd4d63804ed46
COLLECT_GCC_OPTIONS='-fdiagnostics-color=always' '-isysroot' '/Library/Developer/CommandLineTools/SDKs/MacOSX14.2.sdk' '-v' '-o' 'CMakeFiles/cmTC_3a229.dir/CMakeCXXCompilerABI.cpp.o' '-c' '-mmacosx-version-min=15.0.0'  '-nodefaultexport' '-mcpu=apple-m1' '-mlittle-endian' '-mabi=lp64' '-dumpdir' 'CMakeFiles/cmTC_3a229.dir/'
 as -arch arm64 -v -mmacosx-version-min=15.0 -o CMakeFiles/cmTC_3a229.dir/CMakeCXXCompilerABI.cpp.o /var/folders/wg/dfjp7xm90m79qr86gvs_lnhr0000gn/T//ccolgJmN.s
Apple clang version 15.0.0 (clang-1500.1.0.2.5)
Target: arm64-apple-darwin24.0.0
Thread model: posix
InstalledDir: /Library/Developer/CommandLineTools/usr/bin
 "/Library/Developer/CommandLineTools/usr/bin/clang" -cc1as -triple arm64-apple-macosx15.0.0 -filetype obj -main-file-name ccolgJmN.s -target-cpu apple-m1 -target-feature +v8.5a -target-feature +crc -target-feature +lse -target-feature +rdm -target-feature +crypto -target-feature +dotprod -target-feature +fp-armv8 -target-feature +neon -target-feature +fp16fml -target-feature +ras -target-feature +rcpc -target-feature +zcm -target-feature +zcz -target-feature +fullfp16 -target-feature +sm4 -target-feature +sha3 -target-feature +sha2 -target-feature +aes -fdebug-compilation-dir=/Users/lilywatanabe/Desktop/eth/thesis/SPH-EXA-fork/cmake-build-release/CMakeFiles/CMakeTmp -dwarf-debug-producer "Apple clang version 15.0.0 (clang-1500.1.0.2.5)" -dwarf-version=4 -mrelocation-model pic --mrelax-relocations -mllvm -disable-aligned-alloc-awareness=1 -o CMakeFiles/cmTC_3a229.dir/CMakeCXXCompilerABI.cpp.o /var/folders/wg/dfjp7xm90m79qr86gvs_lnhr0000gn/T//ccolgJmN.s
COMPILER_PATH=/opt/homebrew/Cellar/gcc/14.2.0/bin/../libexec/gcc/aarch64-apple-darwin23/14/:/opt/homebrew/Cellar/gcc/14.2.0/bin/../libexec/gcc/
LIBRARY_PATH=/opt/homebrew/Cellar/gcc/14.2.0/bin/../lib/gcc/current/gcc/aarch64-apple-darwin23/14/:/opt/homebrew/Cellar/gcc/14.2.0/bin/../lib/gcc/current/gcc/:/opt/homebrew/Cellar/gcc/14.2.0/bin/../lib/gcc/current/gcc/aarch64-apple-darwin23/14/../../../
COLLECT_GCC_OPTIONS='-fdiagnostics-color=always' '-isysroot' '/Library/Developer/CommandLineTools/SDKs/MacOSX14.2.sdk' '-v' '-o' 'CMakeFiles/cmTC_3a229.dir/CMakeCXXCompilerABI.cpp.o' '-c' '-mmacosx-version-min=15.0.0'  '-nodefaultexport' '-mcpu=apple-m1' '-mlittle-endian' '-mabi=lp64' '-dumpdir' 'CMakeFiles/cmTC_3a229.dir/CMakeCXXCompilerABI.cpp.'
[2/2] Linking CXX executable cmTC_3a229
Using built-in specs.
COLLECT_GCC=/opt/homebrew/bin/g++-14
COLLECT_LTO_WRAPPER=/opt/homebrew/Cellar/gcc/14.2.0/bin/../libexec/gcc/aarch64-apple-darwin23/14/lto-wrapper
Target: aarch64-apple-darwin23
Configured with: ../configure --prefix=/opt/homebrew/opt/gcc --libdir=/opt/homebrew/opt/gcc/lib/gcc/current --disable-nls --enable-checking=release --with-gcc-major-version-only --enable-languages=c,c++,objc,obj-c++,fortran,m2 --program-suffix=-14 --with-gmp=/opt/homebrew/opt/gmp --with-mpfr=/opt/homebrew/opt/mpfr --with-mpc=/opt/homebrew/opt/libmpc --with-isl=/opt/homebrew/opt/isl --with-zstd=/opt/homebrew/opt/zstd --with-pkgversion='Homebrew GCC 14.2.0' --with-bugurl=https://github.com/Homebrew/homebrew-core/issues --with-system-zlib --build=aarch64-apple-darwin23 --with-sysroot=/Library/Developer/CommandLineTools/SDKs/MacOSX14.sdk
Thread model: posix
Supported LTO compression algorithms: zlib zstd
gcc version 14.2.0 (Homebrew GCC 14.2.0) 
COMPILER_PATH=/opt/homebrew/Cellar/gcc/14.2.0/bin/../libexec/gcc/aarch64-apple-darwin23/14/:/opt/homebrew/Cellar/gcc/14.2.0/bin/../libexec/gcc/
LIBRARY_PATH=/opt/homebrew/Cellar/gcc/14.2.0/bin/../lib/gcc/current/gcc/aarch64-apple-darwin23/14/:/opt/homebrew/Cellar/gcc/14.2.0/bin/../lib/gcc/current/gcc/:/opt/homebrew/Cellar/gcc/14.2.0/bin/../lib/gcc/current/gcc/aarch64-apple-darwin23/14/../../../
COLLECT_GCC_OPTIONS='-isysroot' '/Library/Developer/CommandLineTools/SDKs/MacOSX14.2.sdk' '-v' '-o' 'cmTC_3a229' '-mmacosx-version-min=15.0.0' '-asm_macosx_version_min=15.0' '-nodefaultexport' '-mcpu=apple-m1' '-mlittle-endian' '-mabi=lp64' '-dumpdir' 'cmTC_3a229.'
 /opt/homebrew/Cellar/gcc/14.2.0/bin/../libexec/gcc/aarch64-apple-darwin23/14/collect2 -demangle -dynamic -arch arm64 -syslibroot /Library/Developer/CommandLineTools/SDKs/MacOSX14.2.sdk -platform_version macos 15.0.0 0.0 -o cmTC_3a229 -L/opt/homebrew/Cellar/gcc/14.2.0/bin/../lib/gcc/current/gcc/aarch64-apple-darwin23/14 -L/opt/homebrew/Cellar/gcc/14.2.0/bin/../lib/gcc/current/gcc -L/opt/homebrew/Cellar/gcc/14.2.0/bin/../lib/gcc/current/gcc/aarch64-apple-darwin23/14/../../.. -lemutls_w -lheapt_w -search_paths_first -headerpad_max_install_names -v CMakeFiles/cmTC_3a229.dir/CMakeCXXCompilerABI.cpp.o -lstdc++ -lgcc -lSystem -no_compact_unwind -rpath @loader_path -rpath /opt/homebrew/Cellar/gcc/14.2.0/lib/gcc/current/gcc/aarch64-apple-darwin23/14 -rpath /opt/homebrew/Cellar/gcc/14.2.0/lib/gcc/current/gcc -rpath /opt/homebrew/Cellar/gcc/14.2.0/lib/gcc/current
collect2 version 14.2.0
/Users/lilywatanabe/opt/anaconda3/bin/ld -demangle -dynamic -arch arm64 -syslibroot /Library/Developer/CommandLineTools/SDKs/MacOSX14.2.sdk -platform_version macos 15.0.0 0.0 -o cmTC_3a229 -L/opt/homebrew/Cellar/gcc/14.2.0/bin/../lib/gcc/current/gcc/aarch64-apple-darwin23/14 -L/opt/homebrew/Cellar/gcc/14.2.0/bin/../lib/gcc/current/gcc -L/opt/homebrew/Cellar/gcc/14.2.0/bin/../lib/gcc/current/gcc/aarch64-apple-darwin23/14/../../.. -lemutls_w -lheapt_w -search_paths_first -headerpad_max_install_names -v CMakeFiles/cmTC_3a229.dir/CMakeCXXCompilerABI.cpp.o -lstdc++ -lgcc -lSystem -no_compact_unwind -rpath @loader_path -rpath /opt/homebrew/Cellar/gcc/14.2.0/lib/gcc/current/gcc/aarch64-apple-darwin23/14 -rpath /opt/homebrew/Cellar/gcc/14.2.0/lib/gcc/current/gcc -rpath /opt/homebrew/Cellar/gcc/14.2.0/lib/gcc/current
@(#)PROGRAM:ld  PROJECT:ld64-530
BUILD 07:38:32 Sep  7 2022
configured to support archs: armv6 armv7 armv7s arm64 arm64e arm64_32 i386 x86_64 x86_64h armv6m armv7k armv7m armv7em (tvOS)
Library search paths:
	/opt/homebrew/Cellar/gcc/14.2.0/lib/gcc/current/gcc/aarch64-apple-darwin23/14
	/opt/homebrew/Cellar/gcc/14.2.0/lib/gcc/current/gcc
	/opt/homebrew/Cellar/gcc/14.2.0/lib/gcc/current
	/Library/Developer/CommandLineTools/SDKs/MacOSX14.2.sdk/usr/lib
Framework search paths:
	/Library/Developer/CommandLineTools/SDKs/MacOSX14.2.sdk/System/Library/Frameworks/



Parsed CXX implicit include dir info from above output: rv=done
  found start of include info
  found start of implicit include info
    add: [/opt/homebrew/Cellar/gcc/14.2.0/bin/../lib/gcc/current/gcc/aarch64-apple-darwin23/14/../../../../../../include/c++/14]
    add: [/opt/homebrew/Cellar/gcc/14.2.0/bin/../lib/gcc/current/gcc/aarch64-apple-darwin23/14/../../../../../../include/c++/14/aarch64-apple-darwin23]
    add: [/opt/homebrew/Cellar/gcc/14.2.0/bin/../lib/gcc/current/gcc/aarch64-apple-darwin23/14/../../../../../../include/c++/14/backward]
    add: [/opt/homebrew/Cellar/gcc/14.2.0/bin/../lib/gcc/current/gcc/aarch64-apple-darwin23/14/include]
    add: [/opt/homebrew/Cellar/gcc/14.2.0/bin/../lib/gcc/current/gcc/aarch64-apple-darwin23/14/include-fixed]
    add: [/Library/Developer/CommandLineTools/SDKs/MacOSX14.2.sdk/usr/include]
    add: [/Library/Developer/CommandLineTools/SDKs/MacOSX14.2.sdk/System/Library/Frameworks]
  end of search list found
  collapse include dir [/opt/homebrew/Cellar/gcc/14.2.0/bin/../lib/gcc/current/gcc/aarch64-apple-darwin23/14/../../../../../../include/c++/14] ==> [/opt/homebrew/Cellar/gcc/14.2.0/include/c++/14]
  collapse include dir [/opt/homebrew/Cellar/gcc/14.2.0/bin/../lib/gcc/current/gcc/aarch64-apple-darwin23/14/../../../../../../include/c++/14/aarch64-apple-darwin23] ==> [/opt/homebrew/Cellar/gcc/14.2.0/include/c++/14/aarch64-apple-darwin23]
  collapse include dir [/opt/homebrew/Cellar/gcc/14.2.0/bin/../lib/gcc/current/gcc/aarch64-apple-darwin23/14/../../../../../../include/c++/14/backward] ==> [/opt/homebrew/Cellar/gcc/14.2.0/include/c++/14/backward]
  collapse include dir [/opt/homebrew/Cellar/gcc/14.2.0/bin/../lib/gcc/current/gcc/aarch64-apple-darwin23/14/include] ==> [/opt/homebrew/Cellar/gcc/14.2.0/lib/gcc/current/gcc/aarch64-apple-darwin23/14/include]
  collapse include dir [/opt/homebrew/Cellar/gcc/14.2.0/bin/../lib/gcc/current/gcc/aarch64-apple-darwin23/14/include-fixed] ==> [/opt/homebrew/Cellar/gcc/14.2.0/lib/gcc/current/gcc/aarch64-apple-darwin23/14/include-fixed]
  collapse include dir [/Library/Developer/CommandLineTools/SDKs/MacOSX14.2.sdk/usr/include] ==> [/Library/Developer/CommandLineTools/SDKs/MacOSX14.2.sdk/usr/include]
  collapse include dir [/Library/Developer/CommandLineTools/SDKs/MacOSX14.2.sdk/System/Library/Frameworks] ==> [/Library/Developer/CommandLineTools/SDKs/MacOSX14.2.sdk/System/Library/Frameworks]
  implicit include dirs: [/opt/homebrew/Cellar/gcc/14.2.0/include/c++/14;/opt/homebrew/Cellar/gcc/14.2.0/include/c++/14/aarch64-apple-darwin23;/opt/homebrew/Cellar/gcc/14.2.0/include/c++/14/backward;/opt/homebrew/Cellar/gcc/14.2.0/lib/gcc/current/gcc/aarch64-apple-darwin23/14/include;/opt/homebrew/Cellar/gcc/14.2.0/lib/gcc/current/gcc/aarch64-apple-darwin23/14/include-fixed;/Library/Developer/CommandLineTools/SDKs/MacOSX14.2.sdk/usr/include;/Library/Developer/CommandLineTools/SDKs/MacOSX14.2.sdk/System/Library/Frameworks]


Parsed CXX implicit link information from above output:
  link line regex: [^( *|.*[/\])(ld|CMAKE_LINK_STARTFILE-NOTFOUND|([^/\]+-)?ld|collect2)[^/\]*( |$)]
  ignore line: [Change Dir: /Users/lilywatanabe/Desktop/eth/thesis/SPH-EXA-fork/cmake-build-release/CMakeFiles/CMakeTmp]
  ignore line: []
  ignore line: [Run Build Command(s):/Applications/CLion.app/Contents/bin/ninja/mac/ninja cmTC_3a229 && [1/2] Building CXX object CMakeFiles/cmTC_3a229.dir/CMakeCXXCompilerABI.cpp.o]
  ignore line: [Using built-in specs.]
  ignore line: [COLLECT_GCC=/opt/homebrew/bin/g++-14]
  ignore line: [Target: aarch64-apple-darwin23]
  ignore line: [Configured with: ../configure --prefix=/opt/homebrew/opt/gcc --libdir=/opt/homebrew/opt/gcc/lib/gcc/current --disable-nls --enable-checking=release --with-gcc-major-version-only --enable-languages=c c++ objc obj-c++ fortran m2 --program-suffix=-14 --with-gmp=/opt/homebrew/opt/gmp --with-mpfr=/opt/homebrew/opt/mpfr --with-mpc=/opt/homebrew/opt/libmpc --with-isl=/opt/homebrew/opt/isl --with-zstd=/opt/homebrew/opt/zstd --with-pkgversion='Homebrew GCC 14.2.0' --with-bugurl=https://github.com/Homebrew/homebrew-core/issues --with-system-zlib --build=aarch64-apple-darwin23 --with-sysroot=/Library/Developer/CommandLineTools/SDKs/MacOSX14.sdk]
  ignore line: [Thread model: posix]
  ignore line: [Supported LTO compression algorithms: zlib zstd]
  ignore line: [gcc version 14.2.0 (Homebrew GCC 14.2.0) ]
  ignore line: [COLLECT_GCC_OPTIONS='-fdiagnostics-color=always' '-isysroot' '/Library/Developer/CommandLineTools/SDKs/MacOSX14.2.sdk' '-v' '-o' 'CMakeFiles/cmTC_3a229.dir/CMakeCXXCompilerABI.cpp.o' '-c' '-mmacosx-version-min=15.0.0' '-asm_macosx_version_min=15.0' '-nodefaultexport' '-mcpu=apple-m1' '-mlittle-endian' '-mabi=lp64' '-dumpdir' 'CMakeFiles/cmTC_3a229.dir/']
  ignore line: [ /opt/homebrew/Cellar/gcc/14.2.0/bin/../libexec/gcc/aarch64-apple-darwin23/14/cc1plus -quiet -v -iprefix /opt/homebrew/Cellar/gcc/14.2.0/bin/../lib/gcc/current/gcc/aarch64-apple-darwin23/14/ -D__DYNAMIC__ -isysroot /Library/Developer/CommandLineTools/SDKs/MacOSX14.2.sdk /Applications/CLion.app/Contents/bin/cmake/mac/share/cmake-3.24/Modules/CMakeCXXCompilerABI.cpp -fPIC -quiet -dumpdir CMakeFiles/cmTC_3a229.dir/ -dumpbase CMakeCXXCompilerABI.cpp.cpp -dumpbase-ext .cpp -mmacosx-version-min=15.0.0 -mcpu=apple-m1 -mlittle-endian -mabi=lp64 -version -fdiagnostics-color=always -o /var/folders/wg/dfjp7xm90m79qr86gvs_lnhr0000gn/T//ccolgJmN.s]
  ignore line: [GNU C++17 (Homebrew GCC 14.2.0) version 14.2.0 (aarch64-apple-darwin23)]
  ignore line: [	compiled by GNU C version 14.2.0  GMP version 6.3.0  MPFR version 4.2.1  MPC version 1.3.1  isl version isl-0.27-GMP]
  ignore line: []
  ignore line: [GGC heuristics: --param ggc-min-expand=100 --param ggc-min-heapsize=131072]
  ignore line: [ignoring nonexistent directory "/opt/homebrew/Cellar/gcc/14.2.0/bin/../lib/gcc/current/gcc/aarch64-apple-darwin23/14/../../../../../../aarch64-apple-darwin23/include"]
  ignore line: [ignoring duplicate directory "/opt/homebrew/Cellar/gcc/14.2.0/bin/../lib/gcc/current/gcc/../../../../lib/gcc/current/gcc/aarch64-apple-darwin23/14/../../../../../../include/c++/14"]
  ignore line: [ignoring duplicate directory "/opt/homebrew/Cellar/gcc/14.2.0/bin/../lib/gcc/current/gcc/../../../../lib/gcc/current/gcc/aarch64-apple-darwin23/14/../../../../../../include/c++/14/aarch64-apple-darwin23"]
  ignore line: [ignoring duplicate directory "/opt/homebrew/Cellar/gcc/14.2.0/bin/../lib/gcc/current/gcc/../../../../lib/gcc/current/gcc/aarch64-apple-darwin23/14/../../../../../../include/c++/14/backward"]
  ignore line: [ignoring duplicate directory "/opt/homebrew/Cellar/gcc/14.2.0/bin/../lib/gcc/current/gcc/../../../../lib/gcc/current/gcc/aarch64-apple-darwin23/14/include"]
  ignore line: [ignoring nonexistent directory "/Library/Developer/CommandLineTools/SDKs/MacOSX14.2.sdk/usr/local/include"]
  ignore line: [ignoring duplicate directory "/opt/homebrew/Cellar/gcc/14.2.0/bin/../lib/gcc/current/gcc/../../../../lib/gcc/current/gcc/aarch64-apple-darwin23/14/include-fixed"]
  ignore line: [ignoring nonexistent directory "/opt/homebrew/Cellar/gcc/14.2.0/bin/../lib/gcc/current/gcc/../../../../lib/gcc/current/gcc/aarch64-apple-darwin23/14/../../../../../../aarch64-apple-darwin23/include"]
  ignore line: [ignoring nonexistent directory "/Library/Developer/CommandLineTools/SDKs/MacOSX14.2.sdk/Library/Frameworks"]
  ignore line: [#include "..." search starts here:]
  ignore line: [#include <...> search starts here:]
  ignore line: [ /opt/homebrew/Cellar/gcc/14.2.0/bin/../lib/gcc/current/gcc/aarch64-apple-darwin23/14/../../../../../../include/c++/14]
  ignore line: [ /opt/homebrew/Cellar/gcc/14.2.0/bin/../lib/gcc/current/gcc/aarch64-apple-darwin23/14/../../../../../../include/c++/14/aarch64-apple-darwin23]
  ignore line: [ /opt/homebrew/Cellar/gcc/14.2.0/bin/../lib/gcc/current/gcc/aarch64-apple-darwin23/14/../../../../../../include/c++/14/backward]
  ignore line: [ /opt/homebrew/Cellar/gcc/14.2.0/bin/../lib/gcc/current/gcc/aarch64-apple-darwin23/14/include]
  ignore line: [ /opt/homebrew/Cellar/gcc/14.2.0/bin/../lib/gcc/current/gcc/aarch64-apple-darwin23/14/include-fixed]
  ignore line: [ /Library/Developer/CommandLineTools/SDKs/MacOSX14.2.sdk/usr/include]
  ignore line: [ /Library/Developer/CommandLineTools/SDKs/MacOSX14.2.sdk/System/Library/Frameworks]
  ignore line: [End of search list.]
  ignore line: [Compiler executable checksum: a75830afbe2c14ab123cd4d63804ed46]
  ignore line: [COLLECT_GCC_OPTIONS='-fdiagnostics-color=always' '-isysroot' '/Library/Developer/CommandLineTools/SDKs/MacOSX14.2.sdk' '-v' '-o' 'CMakeFiles/cmTC_3a229.dir/CMakeCXXCompilerABI.cpp.o' '-c' '-mmacosx-version-min=15.0.0'  '-nodefaultexport' '-mcpu=apple-m1' '-mlittle-endian' '-mabi=lp64' '-dumpdir' 'CMakeFiles/cmTC_3a229.dir/']
  ignore line: [ as -arch arm64 -v -mmacosx-version-min=15.0 -o CMakeFiles/cmTC_3a229.dir/CMakeCXXCompilerABI.cpp.o /var/folders/wg/dfjp7xm90m79qr86gvs_lnhr0000gn/T//ccolgJmN.s]
  ignore line: [Apple clang version 15.0.0 (clang-1500.1.0.2.5)]
  ignore line: [Target: arm64-apple-darwin24.0.0]
  ignore line: [Thread model: posix]
  ignore line: [InstalledDir: /Library/Developer/CommandLineTools/usr/bin]
  ignore line: [ "/Library/Developer/CommandLineTools/usr/bin/clang" -cc1as -triple arm64-apple-macosx15.0.0 -filetype obj -main-file-name ccolgJmN.s -target-cpu apple-m1 -target-feature +v8.5a -target-feature +crc -target-feature +lse -target-feature +rdm -target-feature +crypto -target-feature +dotprod -target-feature +fp-armv8 -target-feature +neon -target-feature +fp16fml -target-feature +ras -target-feature +rcpc -target-feature +zcm -target-feature +zcz -target-feature +fullfp16 -target-feature +sm4 -target-feature +sha3 -target-feature +sha2 -target-feature +aes -fdebug-compilation-dir=/Users/lilywatanabe/Desktop/eth/thesis/SPH-EXA-fork/cmake-build-release/CMakeFiles/CMakeTmp -dwarf-debug-producer "Apple clang version 15.0.0 (clang-1500.1.0.2.5)" -dwarf-version=4 -mrelocation-model pic --mrelax-relocations -mllvm -disable-aligned-alloc-awareness=1 -o CMakeFiles/cmTC_3a229.dir/CMakeCXXCompilerABI.cpp.o /var/folders/wg/dfjp7xm90m79qr86gvs_lnhr0000gn/T//ccolgJmN.s]
  ignore line: [COMPILER_PATH=/opt/homebrew/Cellar/gcc/14.2.0/bin/../libexec/gcc/aarch64-apple-darwin23/14/:/opt/homebrew/Cellar/gcc/14.2.0/bin/../libexec/gcc/]
  ignore line: [LIBRARY_PATH=/opt/homebrew/Cellar/gcc/14.2.0/bin/../lib/gcc/current/gcc/aarch64-apple-darwin23/14/:/opt/homebrew/Cellar/gcc/14.2.0/bin/../lib/gcc/current/gcc/:/opt/homebrew/Cellar/gcc/14.2.0/bin/../lib/gcc/current/gcc/aarch64-apple-darwin23/14/../../../]
  ignore line: [COLLECT_GCC_OPTIONS='-fdiagnostics-color=always' '-isysroot' '/Library/Developer/CommandLineTools/SDKs/MacOSX14.2.sdk' '-v' '-o' 'CMakeFiles/cmTC_3a229.dir/CMakeCXXCompilerABI.cpp.o' '-c' '-mmacosx-version-min=15.0.0'  '-nodefaultexport' '-mcpu=apple-m1' '-mlittle-endian' '-mabi=lp64' '-dumpdir' 'CMakeFiles/cmTC_3a229.dir/CMakeCXXCompilerABI.cpp.']
  ignore line: [[2/2] Linking CXX executable cmTC_3a229]
  ignore line: [Using built-in specs.]
  ignore line: [COLLECT_GCC=/opt/homebrew/bin/g++-14]
  ignore line: [COLLECT_LTO_WRAPPER=/opt/homebrew/Cellar/gcc/14.2.0/bin/../libexec/gcc/aarch64-apple-darwin23/14/lto-wrapper]
  ignore line: [Target: aarch64-apple-darwin23]
  ignore line: [Configured with: ../configure --prefix=/opt/homebrew/opt/gcc --libdir=/opt/homebrew/opt/gcc/lib/gcc/current --disable-nls --enable-checking=release --with-gcc-major-version-only --enable-languages=c c++ objc obj-c++ fortran m2 --program-suffix=-14 --with-gmp=/opt/homebrew/opt/gmp --with-mpfr=/opt/homebrew/opt/mpfr --with-mpc=/opt/homebrew/opt/libmpc --with-isl=/opt/homebrew/opt/isl --with-zstd=/opt/homebrew/opt/zstd --with-pkgversion='Homebrew GCC 14.2.0' --with-bugurl=https://github.com/Homebrew/homebrew-core/issues --with-system-zlib --build=aarch64-apple-darwin23 --with-sysroot=/Library/Developer/CommandLineTools/SDKs/MacOSX14.sdk]
  ignore line: [Thread model: posix]
  ignore line: [Supported LTO compression algorithms: zlib zstd]
  ignore line: [gcc version 14.2.0 (Homebrew GCC 14.2.0) ]
  ignore line: [COMPILER_PATH=/opt/homebrew/Cellar/gcc/14.2.0/bin/../libexec/gcc/aarch64-apple-darwin23/14/:/opt/homebrew/Cellar/gcc/14.2.0/bin/../libexec/gcc/]
  ignore line: [LIBRARY_PATH=/opt/homebrew/Cellar/gcc/14.2.0/bin/../lib/gcc/current/gcc/aarch64-apple-darwin23/14/:/opt/homebrew/Cellar/gcc/14.2.0/bin/../lib/gcc/current/gcc/:/opt/homebrew/Cellar/gcc/14.2.0/bin/../lib/gcc/current/gcc/aarch64-apple-darwin23/14/../../../]
  ignore line: [COLLECT_GCC_OPTIONS='-isysroot' '/Library/Developer/CommandLineTools/SDKs/MacOSX14.2.sdk' '-v' '-o' 'cmTC_3a229' '-mmacosx-version-min=15.0.0' '-asm_macosx_version_min=15.0' '-nodefaultexport' '-mcpu=apple-m1' '-mlittle-endian' '-mabi=lp64' '-dumpdir' 'cmTC_3a229.']
  link line: [ /opt/homebrew/Cellar/gcc/14.2.0/bin/../libexec/gcc/aarch64-apple-darwin23/14/collect2 -demangle -dynamic -arch arm64 -syslibroot /Library/Developer/CommandLineTools/SDKs/MacOSX14.2.sdk -platform_version macos 15.0.0 0.0 -o cmTC_3a229 -L/opt/homebrew/Cellar/gcc/14.2.0/bin/../lib/gcc/current/gcc/aarch64-apple-darwin23/14 -L/opt/homebrew/Cellar/gcc/14.2.0/bin/../lib/gcc/current/gcc -L/opt/homebrew/Cellar/gcc/14.2.0/bin/../lib/gcc/current/gcc/aarch64-apple-darwin23/14/../../.. -lemutls_w -lheapt_w -search_paths_first -headerpad_max_install_names -v CMakeFiles/cmTC_3a229.dir/CMakeCXXCompilerABI.cpp.o -lstdc++ -lgcc -lSystem -no_compact_unwind -rpath @loader_path -rpath /opt/homebrew/Cellar/gcc/14.2.0/lib/gcc/current/gcc/aarch64-apple-darwin23/14 -rpath /opt/homebrew/Cellar/gcc/14.2.0/lib/gcc/current/gcc -rpath /opt/homebrew/Cellar/gcc/14.2.0/lib/gcc/current]
    arg [/opt/homebrew/Cellar/gcc/14.2.0/bin/../libexec/gcc/aarch64-apple-darwin23/14/collect2] ==> ignore
    arg [-demangle] ==> ignore
    arg [-dynamic] ==> ignore
    arg [-arch] ==> ignore
    arg [arm64] ==> ignore
    arg [-syslibroot] ==> ignore
    arg [/Library/Developer/CommandLineTools/SDKs/MacOSX14.2.sdk] ==> ignore
    arg [-platform_version] ==> ignore
    arg [macos] ==> ignore
    arg [15.0.0] ==> ignore
    arg [0.0] ==> ignore
    arg [-o] ==> ignore
    arg [cmTC_3a229] ==> ignore
    arg [-L/opt/homebrew/Cellar/gcc/14.2.0/bin/../lib/gcc/current/gcc/aarch64-apple-darwin23/14] ==> dir [/opt/homebrew/Cellar/gcc/14.2.0/bin/../lib/gcc/current/gcc/aarch64-apple-darwin23/14]
    arg [-L/opt/homebrew/Cellar/gcc/14.2.0/bin/../lib/gcc/current/gcc] ==> dir [/opt/homebrew/Cellar/gcc/14.2.0/bin/../lib/gcc/current/gcc]
    arg [-L/opt/homebrew/Cellar/gcc/14.2.0/bin/../lib/gcc/current/gcc/aarch64-apple-darwin23/14/../../..] ==> dir [/opt/homebrew/Cellar/gcc/14.2.0/bin/../lib/gcc/current/gcc/aarch64-apple-darwin23/14/../../..]
    arg [-lemutls_w] ==> lib [emutls_w]
    arg [-lheapt_w] ==> lib [heapt_w]
    arg [-search_paths_first] ==> ignore
    arg [-headerpad_max_install_names] ==> ignore
    arg [-v] ==> ignore
    arg [CMakeFiles/cmTC_3a229.dir/CMakeCXXCompilerABI.cpp.o] ==> ignore
    arg [-lstdc++] ==> lib [stdc++]
    arg [-lgcc] ==> lib [gcc]
    arg [-lSystem] ==> lib [System]
    arg [-no_compact_unwind] ==> ignore
    arg [-rpath] ==> ignore
    arg [@loader_path] ==> ignore
    arg [-rpath] ==> ignore
    arg [/opt/homebrew/Cellar/gcc/14.2.0/lib/gcc/current/gcc/aarch64-apple-darwin23/14] ==> ignore
    arg [-rpath] ==> ignore
    arg [/opt/homebrew/Cellar/gcc/14.2.0/lib/gcc/current/gcc] ==> ignore
    arg [-rpath] ==> ignore
    arg [/opt/homebrew/Cellar/gcc/14.2.0/lib/gcc/current] ==> ignore
  Library search paths: [;/opt/homebrew/Cellar/gcc/14.2.0/lib/gcc/current/gcc/aarch64-apple-darwin23/14;/opt/homebrew/Cellar/gcc/14.2.0/lib/gcc/current/gcc;/opt/homebrew/Cellar/gcc/14.2.0/lib/gcc/current;/Library/Developer/CommandLineTools/SDKs/MacOSX14.2.sdk/usr/lib]
  Framework search paths: [;/Library/Developer/CommandLineTools/SDKs/MacOSX14.2.sdk/System/Library/Frameworks/]
  remove lib [System]
  collapse library dir [/opt/homebrew/Cellar/gcc/14.2.0/bin/../lib/gcc/current/gcc/aarch64-apple-darwin23/14] ==> [/opt/homebrew/Cellar/gcc/14.2.0/lib/gcc/current/gcc/aarch64-apple-darwin23/14]
  collapse library dir [/opt/homebrew/Cellar/gcc/14.2.0/bin/../lib/gcc/current/gcc] ==> [/opt/homebrew/Cellar/gcc/14.2.0/lib/gcc/current/gcc]
  collapse library dir [/opt/homebrew/Cellar/gcc/14.2.0/bin/../lib/gcc/current/gcc/aarch64-apple-darwin23/14/../../..] ==> [/opt/homebrew/Cellar/gcc/14.2.0/lib/gcc/current]
  collapse library dir [/opt/homebrew/Cellar/gcc/14.2.0/lib/gcc/current/gcc/aarch64-apple-darwin23/14] ==> [/opt/homebrew/Cellar/gcc/14.2.0/lib/gcc/current/gcc/aarch64-apple-darwin23/14]
  collapse library dir [/opt/homebrew/Cellar/gcc/14.2.0/lib/gcc/current/gcc] ==> [/opt/homebrew/Cellar/gcc/14.2.0/lib/gcc/current/gcc]
  collapse library dir [/opt/homebrew/Cellar/gcc/14.2.0/lib/gcc/current] ==> [/opt/homebrew/Cellar/gcc/14.2.0/lib/gcc/current]
  collapse library dir [/Library/Developer/CommandLineTools/SDKs/MacOSX14.2.sdk/usr/lib] ==> [/Library/Developer/CommandLineTools/SDKs/MacOSX14.2.sdk/usr/lib]
  collapse framework dir [/Library/Developer/CommandLineTools/SDKs/MacOSX14.2.sdk/System/Library/Frameworks/] ==> [/Library/Developer/CommandLineTools/SDKs/MacOSX14.2.sdk/System/Library/Frameworks]
  implicit libs: [emutls_w;heapt_w;stdc++;gcc]
  implicit objs: []
  implicit dirs: [/opt/homebrew/Cellar/gcc/14.2.0/lib/gcc/current/gcc/aarch64-apple-darwin23/14;/opt/homebrew/Cellar/gcc/14.2.0/lib/gcc/current/gcc;/opt/homebrew/Cellar/gcc/14.2.0/lib/gcc/current;/Library/Developer/CommandLineTools/SDKs/MacOSX14.2.sdk/usr/lib]
  implicit fwks: [/Library/Developer/CommandLineTools/SDKs/MacOSX14.2.sdk/System/Library/Frameworks]


Detecting C compiler ABI info compiled with the following output:
Change Dir: /Users/lilywatanabe/Desktop/eth/thesis/SPH-EXA-fork/cmake-build-release/CMakeFiles/CMakeTmp

Run Build Command(s):/Applications/CLion.app/Contents/bin/ninja/mac/ninja cmTC_d643a && [1/2] Building C object CMakeFiles/cmTC_d643a.dir/CMakeCCompilerABI.c.o
Using built-in specs.
COLLECT_GCC=/opt/homebrew/bin/gcc-14
Target: aarch64-apple-darwin23
Configured with: ../configure --prefix=/opt/homebrew/opt/gcc --libdir=/opt/homebrew/opt/gcc/lib/gcc/current --disable-nls --enable-checking=release --with-gcc-major-version-only --enable-languages=c,c++,objc,obj-c++,fortran,m2 --program-suffix=-14 --with-gmp=/opt/homebrew/opt/gmp --with-mpfr=/opt/homebrew/opt/mpfr --with-mpc=/opt/homebrew/opt/libmpc --with-isl=/opt/homebrew/opt/isl --with-zstd=/opt/homebrew/opt/zstd --with-pkgversion='Homebrew GCC 14.2.0' --with-bugurl=https://github.com/Homebrew/homebrew-core/issues --with-system-zlib --build=aarch64-apple-darwin23 --with-sysroot=/Library/Developer/CommandLineTools/SDKs/MacOSX14.sdk
Thread model: posix
Supported LTO compression algorithms: zlib zstd
gcc version 14.2.0 (Homebrew GCC 14.2.0) 
COLLECT_GCC_OPTIONS='-fdiagnostics-color=always' '-isysroot' '/Library/Developer/CommandLineTools/SDKs/MacOSX14.2.sdk' '-v' '-o' 'CMakeFiles/cmTC_d643a.dir/CMakeCCompilerABI.c.o' '-c' '-mmacosx-version-min=15.0.0' '-asm_macosx_version_min=15.0' '-nodefaultexport' '-mcpu=apple-m1' '-mlittle-endian' '-mabi=lp64' '-dumpdir' 'CMakeFiles/cmTC_d643a.dir/'
 /opt/homebrew/Cellar/gcc/14.2.0/bin/../libexec/gcc/aarch64-apple-darwin23/14/cc1 -quiet -v -iprefix /opt/homebrew/Cellar/gcc/14.2.0/bin/../lib/gcc/current/gcc/aarch64-apple-darwin23/14/ -D__DYNAMIC__ -isysroot /Library/Developer/CommandLineTools/SDKs/MacOSX14.2.sdk /Applications/CLion.app/Contents/bin/cmake/mac/share/cmake-3.24/Modules/CMakeCCompilerABI.c -fPIC -quiet -dumpdir CMakeFiles/cmTC_d643a.dir/ -dumpbase CMakeCCompilerABI.c.c -dumpbase-ext .c -mmacosx-version-min=15.0.0 -mcpu=apple-m1 -mlittle-endian -mabi=lp64 -version -fdiagnostics-color=always -o /var/folders/wg/dfjp7xm90m79qr86gvs_lnhr0000gn/T//cchu7ohC.s
GNU C17 (Homebrew GCC 14.2.0) version 14.2.0 (aarch64-apple-darwin23)
	compiled by GNU C version 14.2.0, GMP version 6.3.0, MPFR version 4.2.1, MPC version 1.3.1, isl version isl-0.27-GMP

GGC heuristics: --param ggc-min-expand=100 --param ggc-min-heapsize=131072
ignoring nonexistent directory "/opt/homebrew/Cellar/gcc/14.2.0/bin/../lib/gcc/current/gcc/aarch64-apple-darwin23/14/../../../../../../aarch64-apple-darwin23/include"
ignoring duplicate directory "/opt/homebrew/Cellar/gcc/14.2.0/bin/../lib/gcc/current/gcc/../../../../lib/gcc/current/gcc/aarch64-apple-darwin23/14/include"
ignoring nonexistent directory "/Library/Developer/CommandLineTools/SDKs/MacOSX14.2.sdk/usr/local/include"
ignoring duplicate directory "/opt/homebrew/Cellar/gcc/14.2.0/bin/../lib/gcc/current/gcc/../../../../lib/gcc/current/gcc/aarch64-apple-darwin23/14/include-fixed"
ignoring nonexistent directory "/opt/homebrew/Cellar/gcc/14.2.0/bin/../lib/gcc/current/gcc/../../../../lib/gcc/current/gcc/aarch64-apple-darwin23/14/../../../../../../aarch64-apple-darwin23/include"
ignoring nonexistent directory "/Library/Developer/CommandLineTools/SDKs/MacOSX14.2.sdk/Library/Frameworks"
#include "..." search starts here:
#include <...> search starts here:
 /opt/homebrew/Cellar/gcc/14.2.0/bin/../lib/gcc/current/gcc/aarch64-apple-darwin23/14/include
 /opt/homebrew/Cellar/gcc/14.2.0/bin/../lib/gcc/current/gcc/aarch64-apple-darwin23/14/include-fixed
 /Library/Developer/CommandLineTools/SDKs/MacOSX14.2.sdk/usr/include
 /Library/Developer/CommandLineTools/SDKs/MacOSX14.2.sdk/System/Library/Frameworks
End of search list.
Compiler executable checksum: f04cddc3887ed66d0bccc982b0df008b
COLLECT_GCC_OPTIONS='-fdiagnostics-color=always' '-isysroot' '/Library/Developer/CommandLineTools/SDKs/MacOSX14.2.sdk' '-v' '-o' 'CMakeFiles/cmTC_d643a.dir/CMakeCCompilerABI.c.o' '-c' '-mmacosx-version-min=15.0.0'  '-nodefaultexport' '-mcpu=apple-m1' '-mlittle-endian' '-mabi=lp64' '-dumpdir' 'CMakeFiles/cmTC_d643a.dir/'
 as -arch arm64 -v -mmacosx-version-min=15.0 -o CMakeFiles/cmTC_d643a.dir/CMakeCCompilerABI.c.o /var/folders/wg/dfjp7xm90m79qr86gvs_lnhr0000gn/T//cchu7ohC.s
Apple clang version 15.0.0 (clang-1500.1.0.2.5)
Target: arm64-apple-darwin24.0.0
Thread model: posix
InstalledDir: /Library/Developer/CommandLineTools/usr/bin
 "/Library/Developer/CommandLineTools/usr/bin/clang" -cc1as -triple arm64-apple-macosx15.0.0 -filetype obj -main-file-name cchu7ohC.s -target-cpu apple-m1 -target-feature +v8.5a -target-feature +crc -target-feature +lse -target-feature +rdm -target-feature +crypto -target-feature +dotprod -target-feature +fp-armv8 -target-feature +neon -target-feature +fp16fml -target-feature +ras -target-feature +rcpc -target-feature +zcm -target-feature +zcz -target-feature +fullfp16 -target-feature +sm4 -target-feature +sha3 -target-feature +sha2 -target-feature +aes -fdebug-compilation-dir=/Users/lilywatanabe/Desktop/eth/thesis/SPH-EXA-fork/cmake-build-release/CMakeFiles/CMakeTmp -dwarf-debug-producer "Apple clang version 15.0.0 (clang-1500.1.0.2.5)" -dwarf-version=4 -mrelocation-model pic --mrelax-relocations -mllvm -disable-aligned-alloc-awareness=1 -o CMakeFiles/cmTC_d643a.dir/CMakeCCompilerABI.c.o /var/folders/wg/dfjp7xm90m79qr86gvs_lnhr0000gn/T//cchu7ohC.s
COMPILER_PATH=/opt/homebrew/Cellar/gcc/14.2.0/bin/../libexec/gcc/aarch64-apple-darwin23/14/:/opt/homebrew/Cellar/gcc/14.2.0/bin/../libexec/gcc/
LIBRARY_PATH=/opt/homebrew/Cellar/gcc/14.2.0/bin/../lib/gcc/current/gcc/aarch64-apple-darwin23/14/:/opt/homebrew/Cellar/gcc/14.2.0/bin/../lib/gcc/current/gcc/:/opt/homebrew/Cellar/gcc/14.2.0/bin/../lib/gcc/current/gcc/aarch64-apple-darwin23/14/../../../
COLLECT_GCC_OPTIONS='-fdiagnostics-color=always' '-isysroot' '/Library/Developer/CommandLineTools/SDKs/MacOSX14.2.sdk' '-v' '-o' 'CMakeFiles/cmTC_d643a.dir/CMakeCCompilerABI.c.o' '-c' '-mmacosx-version-min=15.0.0'  '-nodefaultexport' '-mcpu=apple-m1' '-mlittle-endian' '-mabi=lp64' '-dumpdir' 'CMakeFiles/cmTC_d643a.dir/CMakeCCompilerABI.c.'
[2/2] Linking C executable cmTC_d643a
Using built-in specs.
COLLECT_GCC=/opt/homebrew/bin/gcc-14
COLLECT_LTO_WRAPPER=/opt/homebrew/Cellar/gcc/14.2.0/bin/../libexec/gcc/aarch64-apple-darwin23/14/lto-wrapper
Target: aarch64-apple-darwin23
Configured with: ../configure --prefix=/opt/homebrew/opt/gcc --libdir=/opt/homebrew/opt/gcc/lib/gcc/current --disable-nls --enable-checking=release --with-gcc-major-version-only --enable-languages=c,c++,objc,obj-c++,fortran,m2 --program-suffix=-14 --with-gmp=/opt/homebrew/opt/gmp --with-mpfr=/opt/homebrew/opt/mpfr --with-mpc=/opt/homebrew/opt/libmpc --with-isl=/opt/homebrew/opt/isl --with-zstd=/opt/homebrew/opt/zstd --with-pkgversion='Homebrew GCC 14.2.0' --with-bugurl=https://github.com/Homebrew/homebrew-core/issues --with-system-zlib --build=aarch64-apple-darwin23 --with-sysroot=/Library/Developer/CommandLineTools/SDKs/MacOSX14.sdk
Thread model: posix
Supported LTO compression algorithms: zlib zstd
gcc version 14.2.0 (Homebrew GCC 14.2.0) 
COMPILER_PATH=/opt/homebrew/Cellar/gcc/14.2.0/bin/../libexec/gcc/aarch64-apple-darwin23/14/:/opt/homebrew/Cellar/gcc/14.2.0/bin/../libexec/gcc/
LIBRARY_PATH=/opt/homebrew/Cellar/gcc/14.2.0/bin/../lib/gcc/current/gcc/aarch64-apple-darwin23/14/:/opt/homebrew/Cellar/gcc/14.2.0/bin/../lib/gcc/current/gcc/:/opt/homebrew/Cellar/gcc/14.2.0/bin/../lib/gcc/current/gcc/aarch64-apple-darwin23/14/../../../
COLLECT_GCC_OPTIONS='-isysroot' '/Library/Developer/CommandLineTools/SDKs/MacOSX14.2.sdk' '-v' '-o' 'cmTC_d643a' '-mmacosx-version-min=15.0.0' '-asm_macosx_version_min=15.0' '-nodefaultexport' '-mcpu=apple-m1' '-mlittle-endian' '-mabi=lp64' '-dumpdir' 'cmTC_d643a.'
 /opt/homebrew/Cellar/gcc/14.2.0/bin/../libexec/gcc/aarch64-apple-darwin23/14/collect2 -demangle -dynamic -arch arm64 -syslibroot /Library/Developer/CommandLineTools/SDKs/MacOSX14.2.sdk -platform_version macos 15.0.0 0.0 -o cmTC_d643a -L/opt/homebrew/Cellar/gcc/14.2.0/bin/../lib/gcc/current/gcc/aarch64-apple-darwin23/14 -L/opt/homebrew/Cellar/gcc/14.2.0/bin/../lib/gcc/current/gcc -L/opt/homebrew/Cellar/gcc/14.2.0/bin/../lib/gcc/current/gcc/aarch64-apple-darwin23/14/../../.. -lemutls_w -lheapt_w -search_paths_first -headerpad_max_install_names -v CMakeFiles/cmTC_d643a.dir/CMakeCCompilerABI.c.o -lgcc -lSystem -no_compact_unwind -rpath @loader_path -rpath /opt/homebrew/Cellar/gcc/14.2.0/lib/gcc/current/gcc/aarch64-apple-darwin23/14 -rpath /opt/homebrew/Cellar/gcc/14.2.0/lib/gcc/current/gcc -rpath /opt/homebrew/Cellar/gcc/14.2.0/lib/gcc/current
collect2 version 14.2.0
/Users/lilywatanabe/opt/anaconda3/bin/ld -demangle -dynamic -arch arm64 -syslibroot /Library/Developer/CommandLineTools/SDKs/MacOSX14.2.sdk -platform_version macos 15.0.0 0.0 -o cmTC_d643a -L/opt/homebrew/Cellar/gcc/14.2.0/bin/../lib/gcc/current/gcc/aarch64-apple-darwin23/14 -L/opt/homebrew/Cellar/gcc/14.2.0/bin/../lib/gcc/current/gcc -L/opt/homebrew/Cellar/gcc/14.2.0/bin/../lib/gcc/current/gcc/aarch64-apple-darwin23/14/../../.. -lemutls_w -lheapt_w -search_paths_first -headerpad_max_install_names -v CMakeFiles/cmTC_d643a.dir/CMakeCCompilerABI.c.o -lgcc -lSystem -no_compact_unwind -rpath @loader_path -rpath /opt/homebrew/Cellar/gcc/14.2.0/lib/gcc/current/gcc/aarch64-apple-darwin23/14 -rpath /opt/homebrew/Cellar/gcc/14.2.0/lib/gcc/current/gcc -rpath /opt/homebrew/Cellar/gcc/14.2.0/lib/gcc/current
@(#)PROGRAM:ld  PROJECT:ld64-530
BUILD 07:38:32 Sep  7 2022
configured to support archs: armv6 armv7 armv7s arm64 arm64e arm64_32 i386 x86_64 x86_64h armv6m armv7k armv7m armv7em (tvOS)
Library search paths:
	/opt/homebrew/Cellar/gcc/14.2.0/lib/gcc/current/gcc/aarch64-apple-darwin23/14
	/opt/homebrew/Cellar/gcc/14.2.0/lib/gcc/current/gcc
	/opt/homebrew/Cellar/gcc/14.2.0/lib/gcc/current
	/Library/Developer/CommandLineTools/SDKs/MacOSX14.2.sdk/usr/lib
Framework search paths:
	/Library/Developer/CommandLineTools/SDKs/MacOSX14.2.sdk/System/Library/Frameworks/



Parsed C implicit include dir info from above output: rv=done
  found start of include info
  found start of implicit include info
    add: [/opt/homebrew/Cellar/gcc/14.2.0/bin/../lib/gcc/current/gcc/aarch64-apple-darwin23/14/include]
    add: [/opt/homebrew/Cellar/gcc/14.2.0/bin/../lib/gcc/current/gcc/aarch64-apple-darwin23/14/include-fixed]
    add: [/Library/Developer/CommandLineTools/SDKs/MacOSX14.2.sdk/usr/include]
    add: [/Library/Developer/CommandLineTools/SDKs/MacOSX14.2.sdk/System/Library/Frameworks]
  end of search list found
  collapse include dir [/opt/homebrew/Cellar/gcc/14.2.0/bin/../lib/gcc/current/gcc/aarch64-apple-darwin23/14/include] ==> [/opt/homebrew/Cellar/gcc/14.2.0/lib/gcc/current/gcc/aarch64-apple-darwin23/14/include]
  collapse include dir [/opt/homebrew/Cellar/gcc/14.2.0/bin/../lib/gcc/current/gcc/aarch64-apple-darwin23/14/include-fixed] ==> [/opt/homebrew/Cellar/gcc/14.2.0/lib/gcc/current/gcc/aarch64-apple-darwin23/14/include-fixed]
  collapse include dir [/Library/Developer/CommandLineTools/SDKs/MacOSX14.2.sdk/usr/include] ==> [/Library/Developer/CommandLineTools/SDKs/MacOSX14.2.sdk/usr/include]
  collapse include dir [/Library/Developer/CommandLineTools/SDKs/MacOSX14.2.sdk/System/Library/Frameworks] ==> [/Library/Developer/CommandLineTools/SDKs/MacOSX14.2.sdk/System/Library/Frameworks]
  implicit include dirs: [/opt/homebrew/Cellar/gcc/14.2.0/lib/gcc/current/gcc/aarch64-apple-darwin23/14/include;/opt/homebrew/Cellar/gcc/14.2.0/lib/gcc/current/gcc/aarch64-apple-darwin23/14/include-fixed;/Library/Developer/CommandLineTools/SDKs/MacOSX14.2.sdk/usr/include;/Library/Developer/CommandLineTools/SDKs/MacOSX14.2.sdk/System/Library/Frameworks]


Parsed C implicit link information from above output:
  link line regex: [^( *|.*[/\])(ld|CMAKE_LINK_STARTFILE-NOTFOUND|([^/\]+-)?ld|collect2)[^/\]*( |$)]
  ignore line: [Change Dir: /Users/lilywatanabe/Desktop/eth/thesis/SPH-EXA-fork/cmake-build-release/CMakeFiles/CMakeTmp]
  ignore line: []
  ignore line: [Run Build Command(s):/Applications/CLion.app/Contents/bin/ninja/mac/ninja cmTC_d643a && [1/2] Building C object CMakeFiles/cmTC_d643a.dir/CMakeCCompilerABI.c.o]
  ignore line: [Using built-in specs.]
  ignore line: [COLLECT_GCC=/opt/homebrew/bin/gcc-14]
  ignore line: [Target: aarch64-apple-darwin23]
  ignore line: [Configured with: ../configure --prefix=/opt/homebrew/opt/gcc --libdir=/opt/homebrew/opt/gcc/lib/gcc/current --disable-nls --enable-checking=release --with-gcc-major-version-only --enable-languages=c c++ objc obj-c++ fortran m2 --program-suffix=-14 --with-gmp=/opt/homebrew/opt/gmp --with-mpfr=/opt/homebrew/opt/mpfr --with-mpc=/opt/homebrew/opt/libmpc --with-isl=/opt/homebrew/opt/isl --with-zstd=/opt/homebrew/opt/zstd --with-pkgversion='Homebrew GCC 14.2.0' --with-bugurl=https://github.com/Homebrew/homebrew-core/issues --with-system-zlib --build=aarch64-apple-darwin23 --with-sysroot=/Library/Developer/CommandLineTools/SDKs/MacOSX14.sdk]
  ignore line: [Thread model: posix]
  ignore line: [Supported LTO compression algorithms: zlib zstd]
  ignore line: [gcc version 14.2.0 (Homebrew GCC 14.2.0) ]
  ignore line: [COLLECT_GCC_OPTIONS='-fdiagnostics-color=always' '-isysroot' '/Library/Developer/CommandLineTools/SDKs/MacOSX14.2.sdk' '-v' '-o' 'CMakeFiles/cmTC_d643a.dir/CMakeCCompilerABI.c.o' '-c' '-mmacosx-version-min=15.0.0' '-asm_macosx_version_min=15.0' '-nodefaultexport' '-mcpu=apple-m1' '-mlittle-endian' '-mabi=lp64' '-dumpdir' 'CMakeFiles/cmTC_d643a.dir/']
  ignore line: [ /opt/homebrew/Cellar/gcc/14.2.0/bin/../libexec/gcc/aarch64-apple-darwin23/14/cc1 -quiet -v -iprefix /opt/homebrew/Cellar/gcc/14.2.0/bin/../lib/gcc/current/gcc/aarch64-apple-darwin23/14/ -D__DYNAMIC__ -isysroot /Library/Developer/CommandLineTools/SDKs/MacOSX14.2.sdk /Applications/CLion.app/Contents/bin/cmake/mac/share/cmake-3.24/Modules/CMakeCCompilerABI.c -fPIC -quiet -dumpdir CMakeFiles/cmTC_d643a.dir/ -dumpbase CMakeCCompilerABI.c.c -dumpbase-ext .c -mmacosx-version-min=15.0.0 -mcpu=apple-m1 -mlittle-endian -mabi=lp64 -version -fdiagnostics-color=always -o /var/folders/wg/dfjp7xm90m79qr86gvs_lnhr0000gn/T//cchu7ohC.s]
  ignore line: [GNU C17 (Homebrew GCC 14.2.0) version 14.2.0 (aarch64-apple-darwin23)]
  ignore line: [	compiled by GNU C version 14.2.0  GMP version 6.3.0  MPFR version 4.2.1  MPC version 1.3.1  isl version isl-0.27-GMP]
  ignore line: []
  ignore line: [GGC heuristics: --param ggc-min-expand=100 --param ggc-min-heapsize=131072]
  ignore line: [ignoring nonexistent directory "/opt/homebrew/Cellar/gcc/14.2.0/bin/../lib/gcc/current/gcc/aarch64-apple-darwin23/14/../../../../../../aarch64-apple-darwin23/include"]
  ignore line: [ignoring duplicate directory "/opt/homebrew/Cellar/gcc/14.2.0/bin/../lib/gcc/current/gcc/../../../../lib/gcc/current/gcc/aarch64-apple-darwin23/14/include"]
  ignore line: [ignoring nonexistent directory "/Library/Developer/CommandLineTools/SDKs/MacOSX14.2.sdk/usr/local/include"]
  ignore line: [ignoring duplicate directory "/opt/homebrew/Cellar/gcc/14.2.0/bin/../lib/gcc/current/gcc/../../../../lib/gcc/current/gcc/aarch64-apple-darwin23/14/include-fixed"]
  ignore line: [ignoring nonexistent directory "/opt/homebrew/Cellar/gcc/14.2.0/bin/../lib/gcc/current/gcc/../../../../lib/gcc/current/gcc/aarch64-apple-darwin23/14/../../../../../../aarch64-apple-darwin23/include"]
  ignore line: [ignoring nonexistent directory "/Library/Developer/CommandLineTools/SDKs/MacOSX14.2.sdk/Library/Frameworks"]
  ignore line: [#include "..." search starts here:]
  ignore line: [#include <...> search starts here:]
  ignore line: [ /opt/homebrew/Cellar/gcc/14.2.0/bin/../lib/gcc/current/gcc/aarch64-apple-darwin23/14/include]
  ignore line: [ /opt/homebrew/Cellar/gcc/14.2.0/bin/../lib/gcc/current/gcc/aarch64-apple-darwin23/14/include-fixed]
  ignore line: [ /Library/Developer/CommandLineTools/SDKs/MacOSX14.2.sdk/usr/include]
  ignore line: [ /Library/Developer/CommandLineTools/SDKs/MacOSX14.2.sdk/System/Library/Frameworks]
  ignore line: [End of search list.]
  ignore line: [Compiler executable checksum: f04cddc3887ed66d0bccc982b0df008b]
  ignore line: [COLLECT_GCC_OPTIONS='-fdiagnostics-color=always' '-isysroot' '/Library/Developer/CommandLineTools/SDKs/MacOSX14.2.sdk' '-v' '-o' 'CMakeFiles/cmTC_d643a.dir/CMakeCCompilerABI.c.o' '-c' '-mmacosx-version-min=15.0.0'  '-nodefaultexport' '-mcpu=apple-m1' '-mlittle-endian' '-mabi=lp64' '-dumpdir' 'CMakeFiles/cmTC_d643a.dir/']
  ignore line: [ as -arch arm64 -v -mmacosx-version-min=15.0 -o CMakeFiles/cmTC_d643a.dir/CMakeCCompilerABI.c.o /var/folders/wg/dfjp7xm90m79qr86gvs_lnhr0000gn/T//cchu7ohC.s]
  ignore line: [Apple clang version 15.0.0 (clang-1500.1.0.2.5)]
  ignore line: [Target: arm64-apple-darwin24.0.0]
  ignore line: [Thread model: posix]
  ignore line: [InstalledDir: /Library/Developer/CommandLineTools/usr/bin]
  ignore line: [ "/Library/Developer/CommandLineTools/usr/bin/clang" -cc1as -triple arm64-apple-macosx15.0.0 -filetype obj -main-file-name cchu7ohC.s -target-cpu apple-m1 -target-feature +v8.5a -target-feature +crc -target-feature +lse -target-feature +rdm -target-feature +crypto -target-feature +dotprod -target-feature +fp-armv8 -target-feature +neon -target-feature +fp16fml -target-feature +ras -target-feature +rcpc -target-feature +zcm -target-feature +zcz -target-feature +fullfp16 -target-feature +sm4 -target-feature +sha3 -target-feature +sha2 -target-feature +aes -fdebug-compilation-dir=/Users/lilywatanabe/Desktop/eth/thesis/SPH-EXA-fork/cmake-build-release/CMakeFiles/CMakeTmp -dwarf-debug-producer "Apple clang version 15.0.0 (clang-1500.1.0.2.5)" -dwarf-version=4 -mrelocation-model pic --mrelax-relocations -mllvm -disable-aligned-alloc-awareness=1 -o CMakeFiles/cmTC_d643a.dir/CMakeCCompilerABI.c.o /var/folders/wg/dfjp7xm90m79qr86gvs_lnhr0000gn/T//cchu7ohC.s]
  ignore line: [COMPILER_PATH=/opt/homebrew/Cellar/gcc/14.2.0/bin/../libexec/gcc/aarch64-apple-darwin23/14/:/opt/homebrew/Cellar/gcc/14.2.0/bin/../libexec/gcc/]
  ignore line: [LIBRARY_PATH=/opt/homebrew/Cellar/gcc/14.2.0/bin/../lib/gcc/current/gcc/aarch64-apple-darwin23/14/:/opt/homebrew/Cellar/gcc/14.2.0/bin/../lib/gcc/current/gcc/:/opt/homebrew/Cellar/gcc/14.2.0/bin/../lib/gcc/current/gcc/aarch64-apple-darwin23/14/../../../]
  ignore line: [COLLECT_GCC_OPTIONS='-fdiagnostics-color=always' '-isysroot' '/Library/Developer/CommandLineTools/SDKs/MacOSX14.2.sdk' '-v' '-o' 'CMakeFiles/cmTC_d643a.dir/CMakeCCompilerABI.c.o' '-c' '-mmacosx-version-min=15.0.0'  '-nodefaultexport' '-mcpu=apple-m1' '-mlittle-endian' '-mabi=lp64' '-dumpdir' 'CMakeFiles/cmTC_d643a.dir/CMakeCCompilerABI.c.']
  ignore line: [[2/2] Linking C executable cmTC_d643a]
  ignore line: [Using built-in specs.]
  ignore line: [COLLECT_GCC=/opt/homebrew/bin/gcc-14]
  ignore line: [COLLECT_LTO_WRAPPER=/opt/homebrew/Cellar/gcc/14.2.0/bin/../libexec/gcc/aarch64-apple-darwin23/14/lto-wrapper]
  ignore line: [Target: aarch64-apple-darwin23]
  ignore line: [Configured with: ../configure --prefix=/opt/homebrew/opt/gcc --libdir=/opt/homebrew/opt/gcc/lib/gcc/current --disable-nls --enable-checking=release --with-gcc-major-version-only --enable-languages=c c++ objc obj-c++ fortran m2 --program-suffix=-14 --with-gmp=/opt/homebrew/opt/gmp --with-mpfr=/opt/homebrew/opt/mpfr --with-mpc=/opt/homebrew/opt/libmpc --with-isl=/opt/homebrew/opt/isl --with-zstd=/opt/homebrew/opt/zstd --with-pkgversion='Homebrew GCC 14.2.0' --with-bugurl=https://github.com/Homebrew/homebrew-core/issues --with-system-zlib --build=aarch64-apple-darwin23 --with-sysroot=/Library/Developer/CommandLineTools/SDKs/MacOSX14.sdk]
  ignore line: [Thread model: posix]
  ignore line: [Supported LTO compression algorithms: zlib zstd]
  ignore line: [gcc version 14.2.0 (Homebrew GCC 14.2.0) ]
  ignore line: [COMPILER_PATH=/opt/homebrew/Cellar/gcc/14.2.0/bin/../libexec/gcc/aarch64-apple-darwin23/14/:/opt/homebrew/Cellar/gcc/14.2.0/bin/../libexec/gcc/]
  ignore line: [LIBRARY_PATH=/opt/homebrew/Cellar/gcc/14.2.0/bin/../lib/gcc/current/gcc/aarch64-apple-darwin23/14/:/opt/homebrew/Cellar/gcc/14.2.0/bin/../lib/gcc/current/gcc/:/opt/homebrew/Cellar/gcc/14.2.0/bin/../lib/gcc/current/gcc/aarch64-apple-darwin23/14/../../../]
  ignore line: [COLLECT_GCC_OPTIONS='-isysroot' '/Library/Developer/CommandLineTools/SDKs/MacOSX14.2.sdk' '-v' '-o' 'cmTC_d643a' '-mmacosx-version-min=15.0.0' '-asm_macosx_version_min=15.0' '-nodefaultexport' '-mcpu=apple-m1' '-mlittle-endian' '-mabi=lp64' '-dumpdir' 'cmTC_d643a.']
  link line: [ /opt/homebrew/Cellar/gcc/14.2.0/bin/../libexec/gcc/aarch64-apple-darwin23/14/collect2 -demangle -dynamic -arch arm64 -syslibroot /Library/Developer/CommandLineTools/SDKs/MacOSX14.2.sdk -platform_version macos 15.0.0 0.0 -o cmTC_d643a -L/opt/homebrew/Cellar/gcc/14.2.0/bin/../lib/gcc/current/gcc/aarch64-apple-darwin23/14 -L/opt/homebrew/Cellar/gcc/14.2.0/bin/../lib/gcc/current/gcc -L/opt/homebrew/Cellar/gcc/14.2.0/bin/../lib/gcc/current/gcc/aarch64-apple-darwin23/14/../../.. -lemutls_w -lheapt_w -search_paths_first -headerpad_max_install_names -v CMakeFiles/cmTC_d643a.dir/CMakeCCompilerABI.c.o -lgcc -lSystem -no_compact_unwind -rpath @loader_path -rpath /opt/homebrew/Cellar/gcc/14.2.0/lib/gcc/current/gcc/aarch64-apple-darwin23/14 -rpath /opt/homebrew/Cellar/gcc/14.2.0/lib/gcc/current/gcc -rpath /opt/homebrew/Cellar/gcc/14.2.0/lib/gcc/current]
    arg [/opt/homebrew/Cellar/gcc/14.2.0/bin/../libexec/gcc/aarch64-apple-darwin23/14/collect2] ==> ignore
    arg [-demangle] ==> ignore
    arg [-dynamic] ==> ignore
    arg [-arch] ==> ignore
    arg [arm64] ==> ignore
    arg [-syslibroot] ==> ignore
    arg [/Library/Developer/CommandLineTools/SDKs/MacOSX14.2.sdk] ==> ignore
    arg [-platform_version] ==> ignore
    arg [macos] ==> ignore
    arg [15.0.0] ==> ignore
    arg [0.0] ==> ignore
    arg [-o] ==> ignore
    arg [cmTC_d643a] ==> ignore
    arg [-L/opt/homebrew/Cellar/gcc/14.2.0/bin/../lib/gcc/current/gcc/aarch64-apple-darwin23/14] ==> dir [/opt/homebrew/Cellar/gcc/14.2.0/bin/../lib/gcc/current/gcc/aarch64-apple-darwin23/14]
    arg [-L/opt/homebrew/Cellar/gcc/14.2.0/bin/../lib/gcc/current/gcc] ==> dir [/opt/homebrew/Cellar/gcc/14.2.0/bin/../lib/gcc/current/gcc]
    arg [-L/opt/homebrew/Cellar/gcc/14.2.0/bin/../lib/gcc/current/gcc/aarch64-apple-darwin23/14/../../..] ==> dir [/opt/homebrew/Cellar/gcc/14.2.0/bin/../lib/gcc/current/gcc/aarch64-apple-darwin23/14/../../..]
    arg [-lemutls_w] ==> lib [emutls_w]
    arg [-lheapt_w] ==> lib [heapt_w]
    arg [-search_paths_first] ==> ignore
    arg [-headerpad_max_install_names] ==> ignore
    arg [-v] ==> ignore
    arg [CMakeFiles/cmTC_d643a.dir/CMakeCCompilerABI.c.o] ==> ignore
    arg [-lgcc] ==> lib [gcc]
    arg [-lSystem] ==> lib [System]
    arg [-no_compact_unwind] ==> ignore
    arg [-rpath] ==> ignore
    arg [@loader_path] ==> ignore
    arg [-rpath] ==> ignore
    arg [/opt/homebrew/Cellar/gcc/14.2.0/lib/gcc/current/gcc/aarch64-apple-darwin23/14] ==> ignore
    arg [-rpath] ==> ignore
    arg [/opt/homebrew/Cellar/gcc/14.2.0/lib/gcc/current/gcc] ==> ignore
    arg [-rpath] ==> ignore
    arg [/opt/homebrew/Cellar/gcc/14.2.0/lib/gcc/current] ==> ignore
  Library search paths: [;/opt/homebrew/Cellar/gcc/14.2.0/lib/gcc/current/gcc/aarch64-apple-darwin23/14;/opt/homebrew/Cellar/gcc/14.2.0/lib/gcc/current/gcc;/opt/homebrew/Cellar/gcc/14.2.0/lib/gcc/current;/Library/Developer/CommandLineTools/SDKs/MacOSX14.2.sdk/usr/lib]
  Framework search paths: [;/Library/Developer/CommandLineTools/SDKs/MacOSX14.2.sdk/System/Library/Frameworks/]
  remove lib [System]
  collapse library dir [/opt/homebrew/Cellar/gcc/14.2.0/bin/../lib/gcc/current/gcc/aarch64-apple-darwin23/14] ==> [/opt/homebrew/Cellar/gcc/14.2.0/lib/gcc/current/gcc/aarch64-apple-darwin23/14]
  collapse library dir [/opt/homebrew/Cellar/gcc/14.2.0/bin/../lib/gcc/current/gcc] ==> [/opt/homebrew/Cellar/gcc/14.2.0/lib/gcc/current/gcc]
  collapse library dir [/opt/homebrew/Cellar/gcc/14.2.0/bin/../lib/gcc/current/gcc/aarch64-apple-darwin23/14/../../..] ==> [/opt/homebrew/Cellar/gcc/14.2.0/lib/gcc/current]
  collapse library dir [/opt/homebrew/Cellar/gcc/14.2.0/lib/gcc/current/gcc/aarch64-apple-darwin23/14] ==> [/opt/homebrew/Cellar/gcc/14.2.0/lib/gcc/current/gcc/aarch64-apple-darwin23/14]
  collapse library dir [/opt/homebrew/Cellar/gcc/14.2.0/lib/gcc/current/gcc] ==> [/opt/homebrew/Cellar/gcc/14.2.0/lib/gcc/current/gcc]
  collapse library dir [/opt/homebrew/Cellar/gcc/14.2.0/lib/gcc/current] ==> [/opt/homebrew/Cellar/gcc/14.2.0/lib/gcc/current]
  collapse library dir [/Library/Developer/CommandLineTools/SDKs/MacOSX14.2.sdk/usr/lib] ==> [/Library/Developer/CommandLineTools/SDKs/MacOSX14.2.sdk/usr/lib]
  collapse framework dir [/Library/Developer/CommandLineTools/SDKs/MacOSX14.2.sdk/System/Library/Frameworks/] ==> [/Library/Developer/CommandLineTools/SDKs/MacOSX14.2.sdk/System/Library/Frameworks]
  implicit libs: [emutls_w;heapt_w;gcc]
  implicit objs: []
  implicit dirs: [/opt/homebrew/Cellar/gcc/14.2.0/lib/gcc/current/gcc/aarch64-apple-darwin23/14;/opt/homebrew/Cellar/gcc/14.2.0/lib/gcc/current/gcc;/opt/homebrew/Cellar/gcc/14.2.0/lib/gcc/current;/Library/Developer/CommandLineTools/SDKs/MacOSX14.2.sdk/usr/lib]
  implicit fwks: [/Library/Developer/CommandLineTools/SDKs/MacOSX14.2.sdk/System/Library/Frameworks]


Performing C SOURCE FILE Test CMAKE_HAVE_LIBC_PTHREAD succeeded with the following output:
Change Dir: /Users/lilywatanabe/Desktop/eth/thesis/SPH-EXA-fork/cmake-build-release/CMakeFiles/CMakeTmp

Run Build Command(s):/Applications/CLion.app/Contents/bin/ninja/mac/ninja cmTC_09dea && [1/2] Building C object CMakeFiles/cmTC_09dea.dir/src.c.o
[2/2] Linking C executable cmTC_09dea


Source file was:
#include <pthread.h>

static void* test_func(void* data)
{
  return data;
}

int main(void)
{
  pthread_t thread;
  pthread_create(&thread, NULL, test_func, NULL);
  pthread_detach(thread);
  pthread_cancel(thread);
  pthread_join(thread, NULL);
  pthread_atfork(NULL, NULL, NULL);
  pthread_exit(NULL);

  return 0;
}

Detecting C OpenMP compiler ABI info compiled with the following output:
Change Dir: /Users/lilywatanabe/Desktop/eth/thesis/SPH-EXA-fork/cmake-build-release/CMakeFiles/CMakeTmp

Run Build Command(s):/Applications/CLion.app/Contents/bin/ninja/mac/ninja cmTC_7a6a3 && [1/2] Building C object CMakeFiles/cmTC_7a6a3.dir/OpenMPTryFlag.c.o
Using built-in specs.
COLLECT_GCC=/opt/homebrew/bin/gcc-14
Target: aarch64-apple-darwin23
Configured with: ../configure --prefix=/opt/homebrew/opt/gcc --libdir=/opt/homebrew/opt/gcc/lib/gcc/current --disable-nls --enable-checking=release --with-gcc-major-version-only --enable-languages=c,c++,objc,obj-c++,fortran,m2 --program-suffix=-14 --with-gmp=/opt/homebrew/opt/gmp --with-mpfr=/opt/homebrew/opt/mpfr --with-mpc=/opt/homebrew/opt/libmpc --with-isl=/opt/homebrew/opt/isl --with-zstd=/opt/homebrew/opt/zstd --with-pkgversion='Homebrew GCC 14.2.0' --with-bugurl=https://github.com/Homebrew/homebrew-core/issues --with-system-zlib --build=aarch64-apple-darwin23 --with-sysroot=/Library/Developer/CommandLineTools/SDKs/MacOSX14.sdk
Thread model: posix
Supported LTO compression algorithms: zlib zstd
gcc version 14.2.0 (Homebrew GCC 14.2.0) 
COLLECT_GCC_OPTIONS='-fdiagnostics-color=always' '-fopenmp' '-v' '-isysroot' '/Library/Developer/CommandLineTools/SDKs/MacOSX14.2.sdk' '-o' 'CMakeFiles/cmTC_7a6a3.dir/OpenMPTryFlag.c.o' '-c' '-mmacosx-version-min=15.0.0' '-asm_macosx_version_min=15.0' '-nodefaultexport' '-mcpu=apple-m1' '-mlittle-endian' '-mabi=lp64' '-dumpdir' 'CMakeFiles/cmTC_7a6a3.dir/'
 /opt/homebrew/Cellar/gcc/14.2.0/bin/../libexec/gcc/aarch64-apple-darwin23/14/cc1 -quiet -v -iprefix /opt/homebrew/Cellar/gcc/14.2.0/bin/../lib/gcc/current/gcc/aarch64-apple-darwin23/14/ -D__DYNAMIC__ -isysroot /Library/Developer/CommandLineTools/SDKs/MacOSX14.2.sdk /Users/lilywatanabe/Desktop/eth/thesis/SPH-EXA-fork/cmake-build-release/CMakeFiles/FindOpenMP/OpenMPTryFlag.c -fPIC -quiet -dumpdir CMakeFiles/cmTC_7a6a3.dir/ -dumpbase OpenMPTryFlag.c.c -dumpbase-ext .c -mmacosx-version-min=15.0.0 -mcpu=apple-m1 -mlittle-endian -mabi=lp64 -version -fdiagnostics-color=always -fopenmp -o /var/folders/wg/dfjp7xm90m79qr86gvs_lnhr0000gn/T//ccdR2UNG.s
GNU C17 (Homebrew GCC 14.2.0) version 14.2.0 (aarch64-apple-darwin23)
	compiled by GNU C version 14.2.0, GMP version 6.3.0, MPFR version 4.2.1, MPC version 1.3.1, isl version isl-0.27-GMP

GGC heuristics: --param ggc-min-expand=100 --param ggc-min-heapsize=131072
ignoring nonexistent directory "/opt/homebrew/Cellar/gcc/14.2.0/bin/../lib/gcc/current/gcc/aarch64-apple-darwin23/14/../../../../../../aarch64-apple-darwin23/include"
ignoring duplicate directory "/opt/homebrew/Cellar/gcc/14.2.0/bin/../lib/gcc/current/gcc/../../../../lib/gcc/current/gcc/aarch64-apple-darwin23/14/include"
ignoring nonexistent directory "/Library/Developer/CommandLineTools/SDKs/MacOSX14.2.sdk/usr/local/include"
ignoring duplicate directory "/opt/homebrew/Cellar/gcc/14.2.0/bin/../lib/gcc/current/gcc/../../../../lib/gcc/current/gcc/aarch64-apple-darwin23/14/include-fixed"
ignoring nonexistent directory "/opt/homebrew/Cellar/gcc/14.2.0/bin/../lib/gcc/current/gcc/../../../../lib/gcc/current/gcc/aarch64-apple-darwin23/14/../../../../../../aarch64-apple-darwin23/include"
ignoring nonexistent directory "/Library/Developer/CommandLineTools/SDKs/MacOSX14.2.sdk/Library/Frameworks"
#include "..." search starts here:
#include <...> search starts here:
 /opt/homebrew/Cellar/gcc/14.2.0/bin/../lib/gcc/current/gcc/aarch64-apple-darwin23/14/include
 /opt/homebrew/Cellar/gcc/14.2.0/bin/../lib/gcc/current/gcc/aarch64-apple-darwin23/14/include-fixed
 /Library/Developer/CommandLineTools/SDKs/MacOSX14.2.sdk/usr/include
 /Library/Developer/CommandLineTools/SDKs/MacOSX14.2.sdk/System/Library/Frameworks
End of search list.
Compiler executable checksum: f04cddc3887ed66d0bccc982b0df008b
COLLECT_GCC_OPTIONS='-fdiagnostics-color=always' '-fopenmp' '-v' '-isysroot' '/Library/Developer/CommandLineTools/SDKs/MacOSX14.2.sdk' '-o' 'CMakeFiles/cmTC_7a6a3.dir/OpenMPTryFlag.c.o' '-c' '-mmacosx-version-min=15.0.0'  '-nodefaultexport' '-mcpu=apple-m1' '-mlittle-endian' '-mabi=lp64' '-dumpdir' 'CMakeFiles/cmTC_7a6a3.dir/'
 as -arch arm64 -v -mmacosx-version-min=15.0 -o CMakeFiles/cmTC_7a6a3.dir/OpenMPTryFlag.c.o /var/folders/wg/dfjp7xm90m79qr86gvs_lnhr0000gn/T//ccdR2UNG.s
Apple clang version 15.0.0 (clang-1500.1.0.2.5)
Target: arm64-apple-darwin24.0.0
Thread model: posix
InstalledDir: /Library/Developer/CommandLineTools/usr/bin
 "/Library/Developer/CommandLineTools/usr/bin/clang" -cc1as -triple arm64-apple-macosx15.0.0 -filetype obj -main-file-name ccdR2UNG.s -target-cpu apple-m1 -target-feature +v8.5a -target-feature +crc -target-feature +lse -target-feature +rdm -target-feature +crypto -target-feature +dotprod -target-feature +fp-armv8 -target-feature +neon -target-feature +fp16fml -target-feature +ras -target-feature +rcpc -target-feature +zcm -target-feature +zcz -target-feature +fullfp16 -target-feature +sm4 -target-feature +sha3 -target-feature +sha2 -target-feature +aes -fdebug-compilation-dir=/Users/lilywatanabe/Desktop/eth/thesis/SPH-EXA-fork/cmake-build-release/CMakeFiles/CMakeTmp -dwarf-debug-producer "Apple clang version 15.0.0 (clang-1500.1.0.2.5)" -dwarf-version=4 -mrelocation-model pic --mrelax-relocations -mllvm -disable-aligned-alloc-awareness=1 -o CMakeFiles/cmTC_7a6a3.dir/OpenMPTryFlag.c.o /var/folders/wg/dfjp7xm90m79qr86gvs_lnhr0000gn/T//ccdR2UNG.s
COMPILER_PATH=/opt/homebrew/Cellar/gcc/14.2.0/bin/../libexec/gcc/aarch64-apple-darwin23/14/:/opt/homebrew/Cellar/gcc/14.2.0/bin/../libexec/gcc/
LIBRARY_PATH=/opt/homebrew/Cellar/gcc/14.2.0/bin/../lib/gcc/current/gcc/aarch64-apple-darwin23/14/:/opt/homebrew/Cellar/gcc/14.2.0/bin/../lib/gcc/current/gcc/:/opt/homebrew/Cellar/gcc/14.2.0/bin/../lib/gcc/current/gcc/aarch64-apple-darwin23/14/../../../
COLLECT_GCC_OPTIONS='-fdiagnostics-color=always' '-fopenmp' '-v' '-isysroot' '/Library/Developer/CommandLineTools/SDKs/MacOSX14.2.sdk' '-o' 'CMakeFiles/cmTC_7a6a3.dir/OpenMPTryFlag.c.o' '-c' '-mmacosx-version-min=15.0.0'  '-nodefaultexport' '-mcpu=apple-m1' '-mlittle-endian' '-mabi=lp64' '-dumpdir' 'CMakeFiles/cmTC_7a6a3.dir/OpenMPTryFlag.c.'
[2/2] Linking C executable cmTC_7a6a3
Using built-in specs.
COLLECT_GCC=/opt/homebrew/bin/gcc-14
COLLECT_LTO_WRAPPER=/opt/homebrew/Cellar/gcc/14.2.0/bin/../libexec/gcc/aarch64-apple-darwin23/14/lto-wrapper
Target: aarch64-apple-darwin23
Configured with: ../configure --prefix=/opt/homebrew/opt/gcc --libdir=/opt/homebrew/opt/gcc/lib/gcc/current --disable-nls --enable-checking=release --with-gcc-major-version-only --enable-languages=c,c++,objc,obj-c++,fortran,m2 --program-suffix=-14 --with-gmp=/opt/homebrew/opt/gmp --with-mpfr=/opt/homebrew/opt/mpfr --with-mpc=/opt/homebrew/opt/libmpc --with-isl=/opt/homebrew/opt/isl --with-zstd=/opt/homebrew/opt/zstd --with-pkgversion='Homebrew GCC 14.2.0' --with-bugurl=https://github.com/Homebrew/homebrew-core/issues --with-system-zlib --build=aarch64-apple-darwin23 --with-sysroot=/Library/Developer/CommandLineTools/SDKs/MacOSX14.sdk
Thread model: posix
Supported LTO compression algorithms: zlib zstd
gcc version 14.2.0 (Homebrew GCC 14.2.0) 
COMPILER_PATH=/opt/homebrew/Cellar/gcc/14.2.0/bin/../libexec/gcc/aarch64-apple-darwin23/14/:/opt/homebrew/Cellar/gcc/14.2.0/bin/../libexec/gcc/
LIBRARY_PATH=/opt/homebrew/Cellar/gcc/14.2.0/bin/../lib/gcc/current/gcc/aarch64-apple-darwin23/14/:/opt/homebrew/Cellar/gcc/14.2.0/bin/../lib/gcc/current/gcc/:/opt/homebrew/Cellar/gcc/14.2.0/bin/../lib/gcc/current/gcc/aarch64-apple-darwin23/14/../../../
COLLECT_GCC_OPTIONS='-fopenmp' '-v' '-isysroot' '/Library/Developer/CommandLineTools/SDKs/MacOSX14.2.sdk' '-o' 'cmTC_7a6a3' '-v' '-mmacosx-version-min=15.0.0' '-asm_macosx_version_min=15.0' '-nodefaultexport' '-mcpu=apple-m1' '-mlittle-endian' '-mabi=lp64' '-dumpdir' 'cmTC_7a6a3.'
 /opt/homebrew/Cellar/gcc/14.2.0/bin/../libexec/gcc/aarch64-apple-darwin23/14/collect2 -demangle -dynamic -arch arm64 -syslibroot /Library/Developer/CommandLineTools/SDKs/MacOSX14.2.sdk -platform_version macos 15.0.0 0.0 -o cmTC_7a6a3 -L/opt/homebrew/Cellar/gcc/14.2.0/bin/../lib/gcc/current/gcc/aarch64-apple-darwin23/14 -L/opt/homebrew/Cellar/gcc/14.2.0/bin/../lib/gcc/current/gcc -L/opt/homebrew/Cellar/gcc/14.2.0/bin/../lib/gcc/current/gcc/aarch64-apple-darwin23/14/../../.. -lemutls_w -lheapt_w -search_paths_first -headerpad_max_install_names CMakeFiles/cmTC_7a6a3.dir/OpenMPTryFlag.c.o -v -lgomp -lgcc -lSystem -no_compact_unwind -rpath @loader_path -rpath /opt/homebrew/Cellar/gcc/14.2.0/lib/gcc/current/gcc/aarch64-apple-darwin23/14 -rpath /opt/homebrew/Cellar/gcc/14.2.0/lib/gcc/current/gcc -rpath /opt/homebrew/Cellar/gcc/14.2.0/lib/gcc/current
collect2 version 14.2.0
/Users/lilywatanabe/opt/anaconda3/bin/ld -demangle -dynamic -arch arm64 -syslibroot /Library/Developer/CommandLineTools/SDKs/MacOSX14.2.sdk -platform_version macos 15.0.0 0.0 -o cmTC_7a6a3 -L/opt/homebrew/Cellar/gcc/14.2.0/bin/../lib/gcc/current/gcc/aarch64-apple-darwin23/14 -L/opt/homebrew/Cellar/gcc/14.2.0/bin/../lib/gcc/current/gcc -L/opt/homebrew/Cellar/gcc/14.2.0/bin/../lib/gcc/current/gcc/aarch64-apple-darwin23/14/../../.. -lemutls_w -lheapt_w -search_paths_first -headerpad_max_install_names CMakeFiles/cmTC_7a6a3.dir/OpenMPTryFlag.c.o -v -lgomp -lgcc -lSystem -no_compact_unwind -rpath @loader_path -rpath /opt/homebrew/Cellar/gcc/14.2.0/lib/gcc/current/gcc/aarch64-apple-darwin23/14 -rpath /opt/homebrew/Cellar/gcc/14.2.0/lib/gcc/current/gcc -rpath /opt/homebrew/Cellar/gcc/14.2.0/lib/gcc/current
@(#)PROGRAM:ld  PROJECT:ld64-530
BUILD 07:38:32 Sep  7 2022
configured to support archs: armv6 armv7 armv7s arm64 arm64e arm64_32 i386 x86_64 x86_64h armv6m armv7k armv7m armv7em (tvOS)
Library search paths:
	/opt/homebrew/Cellar/gcc/14.2.0/lib/gcc/current/gcc/aarch64-apple-darwin23/14
	/opt/homebrew/Cellar/gcc/14.2.0/lib/gcc/current/gcc
	/opt/homebrew/Cellar/gcc/14.2.0/lib/gcc/current
	/Library/Developer/CommandLineTools/SDKs/MacOSX14.2.sdk/usr/lib
Framework search paths:
	/Library/Developer/CommandLineTools/SDKs/MacOSX14.2.sdk/System/Library/Frameworks/



Parsed C OpenMP implicit link information from above output:
  link line regex: [^( *|.*[/\])(ld|CMAKE_LINK_STARTFILE-NOTFOUND|([^/\]+-)?ld|collect2)[^/\]*( |$)]
  ignore line: [Change Dir: /Users/lilywatanabe/Desktop/eth/thesis/SPH-EXA-fork/cmake-build-release/CMakeFiles/CMakeTmp]
  ignore line: []
  ignore line: [Run Build Command(s):/Applications/CLion.app/Contents/bin/ninja/mac/ninja cmTC_7a6a3 && [1/2] Building C object CMakeFiles/cmTC_7a6a3.dir/OpenMPTryFlag.c.o]
  ignore line: [Using built-in specs.]
  ignore line: [COLLECT_GCC=/opt/homebrew/bin/gcc-14]
  ignore line: [Target: aarch64-apple-darwin23]
  ignore line: [Configured with: ../configure --prefix=/opt/homebrew/opt/gcc --libdir=/opt/homebrew/opt/gcc/lib/gcc/current --disable-nls --enable-checking=release --with-gcc-major-version-only --enable-languages=c c++ objc obj-c++ fortran m2 --program-suffix=-14 --with-gmp=/opt/homebrew/opt/gmp --with-mpfr=/opt/homebrew/opt/mpfr --with-mpc=/opt/homebrew/opt/libmpc --with-isl=/opt/homebrew/opt/isl --with-zstd=/opt/homebrew/opt/zstd --with-pkgversion='Homebrew GCC 14.2.0' --with-bugurl=https://github.com/Homebrew/homebrew-core/issues --with-system-zlib --build=aarch64-apple-darwin23 --with-sysroot=/Library/Developer/CommandLineTools/SDKs/MacOSX14.sdk]
  ignore line: [Thread model: posix]
  ignore line: [Supported LTO compression algorithms: zlib zstd]
  ignore line: [gcc version 14.2.0 (Homebrew GCC 14.2.0) ]
  ignore line: [COLLECT_GCC_OPTIONS='-fdiagnostics-color=always' '-fopenmp' '-v' '-isysroot' '/Library/Developer/CommandLineTools/SDKs/MacOSX14.2.sdk' '-o' 'CMakeFiles/cmTC_7a6a3.dir/OpenMPTryFlag.c.o' '-c' '-mmacosx-version-min=15.0.0' '-asm_macosx_version_min=15.0' '-nodefaultexport' '-mcpu=apple-m1' '-mlittle-endian' '-mabi=lp64' '-dumpdir' 'CMakeFiles/cmTC_7a6a3.dir/']
  ignore line: [ /opt/homebrew/Cellar/gcc/14.2.0/bin/../libexec/gcc/aarch64-apple-darwin23/14/cc1 -quiet -v -iprefix /opt/homebrew/Cellar/gcc/14.2.0/bin/../lib/gcc/current/gcc/aarch64-apple-darwin23/14/ -D__DYNAMIC__ -isysroot /Library/Developer/CommandLineTools/SDKs/MacOSX14.2.sdk /Users/lilywatanabe/Desktop/eth/thesis/SPH-EXA-fork/cmake-build-release/CMakeFiles/FindOpenMP/OpenMPTryFlag.c -fPIC -quiet -dumpdir CMakeFiles/cmTC_7a6a3.dir/ -dumpbase OpenMPTryFlag.c.c -dumpbase-ext .c -mmacosx-version-min=15.0.0 -mcpu=apple-m1 -mlittle-endian -mabi=lp64 -version -fdiagnostics-color=always -fopenmp -o /var/folders/wg/dfjp7xm90m79qr86gvs_lnhr0000gn/T//ccdR2UNG.s]
  ignore line: [GNU C17 (Homebrew GCC 14.2.0) version 14.2.0 (aarch64-apple-darwin23)]
  ignore line: [	compiled by GNU C version 14.2.0  GMP version 6.3.0  MPFR version 4.2.1  MPC version 1.3.1  isl version isl-0.27-GMP]
  ignore line: []
  ignore line: [GGC heuristics: --param ggc-min-expand=100 --param ggc-min-heapsize=131072]
  ignore line: [ignoring nonexistent directory "/opt/homebrew/Cellar/gcc/14.2.0/bin/../lib/gcc/current/gcc/aarch64-apple-darwin23/14/../../../../../../aarch64-apple-darwin23/include"]
  ignore line: [ignoring duplicate directory "/opt/homebrew/Cellar/gcc/14.2.0/bin/../lib/gcc/current/gcc/../../../../lib/gcc/current/gcc/aarch64-apple-darwin23/14/include"]
  ignore line: [ignoring nonexistent directory "/Library/Developer/CommandLineTools/SDKs/MacOSX14.2.sdk/usr/local/include"]
  ignore line: [ignoring duplicate directory "/opt/homebrew/Cellar/gcc/14.2.0/bin/../lib/gcc/current/gcc/../../../../lib/gcc/current/gcc/aarch64-apple-darwin23/14/include-fixed"]
  ignore line: [ignoring nonexistent directory "/opt/homebrew/Cellar/gcc/14.2.0/bin/../lib/gcc/current/gcc/../../../../lib/gcc/current/gcc/aarch64-apple-darwin23/14/../../../../../../aarch64-apple-darwin23/include"]
  ignore line: [ignoring nonexistent directory "/Library/Developer/CommandLineTools/SDKs/MacOSX14.2.sdk/Library/Frameworks"]
  ignore line: [#include "..." search starts here:]
  ignore line: [#include <...> search starts here:]
  ignore line: [ /opt/homebrew/Cellar/gcc/14.2.0/bin/../lib/gcc/current/gcc/aarch64-apple-darwin23/14/include]
  ignore line: [ /opt/homebrew/Cellar/gcc/14.2.0/bin/../lib/gcc/current/gcc/aarch64-apple-darwin23/14/include-fixed]
  ignore line: [ /Library/Developer/CommandLineTools/SDKs/MacOSX14.2.sdk/usr/include]
  ignore line: [ /Library/Developer/CommandLineTools/SDKs/MacOSX14.2.sdk/System/Library/Frameworks]
  ignore line: [End of search list.]
  ignore line: [Compiler executable checksum: f04cddc3887ed66d0bccc982b0df008b]
  ignore line: [COLLECT_GCC_OPTIONS='-fdiagnostics-color=always' '-fopenmp' '-v' '-isysroot' '/Library/Developer/CommandLineTools/SDKs/MacOSX14.2.sdk' '-o' 'CMakeFiles/cmTC_7a6a3.dir/OpenMPTryFlag.c.o' '-c' '-mmacosx-version-min=15.0.0'  '-nodefaultexport' '-mcpu=apple-m1' '-mlittle-endian' '-mabi=lp64' '-dumpdir' 'CMakeFiles/cmTC_7a6a3.dir/']
  ignore line: [ as -arch arm64 -v -mmacosx-version-min=15.0 -o CMakeFiles/cmTC_7a6a3.dir/OpenMPTryFlag.c.o /var/folders/wg/dfjp7xm90m79qr86gvs_lnhr0000gn/T//ccdR2UNG.s]
  ignore line: [Apple clang version 15.0.0 (clang-1500.1.0.2.5)]
  ignore line: [Target: arm64-apple-darwin24.0.0]
  ignore line: [Thread model: posix]
  ignore line: [InstalledDir: /Library/Developer/CommandLineTools/usr/bin]
  ignore line: [ "/Library/Developer/CommandLineTools/usr/bin/clang" -cc1as -triple arm64-apple-macosx15.0.0 -filetype obj -main-file-name ccdR2UNG.s -target-cpu apple-m1 -target-feature +v8.5a -target-feature +crc -target-feature +lse -target-feature +rdm -target-feature +crypto -target-feature +dotprod -target-feature +fp-armv8 -target-feature +neon -target-feature +fp16fml -target-feature +ras -target-feature +rcpc -target-feature +zcm -target-feature +zcz -target-feature +fullfp16 -target-feature +sm4 -target-feature +sha3 -target-feature +sha2 -target-feature +aes -fdebug-compilation-dir=/Users/lilywatanabe/Desktop/eth/thesis/SPH-EXA-fork/cmake-build-release/CMakeFiles/CMakeTmp -dwarf-debug-producer "Apple clang version 15.0.0 (clang-1500.1.0.2.5)" -dwarf-version=4 -mrelocation-model pic --mrelax-relocations -mllvm -disable-aligned-alloc-awareness=1 -o CMakeFiles/cmTC_7a6a3.dir/OpenMPTryFlag.c.o /var/folders/wg/dfjp7xm90m79qr86gvs_lnhr0000gn/T//ccdR2UNG.s]
  ignore line: [COMPILER_PATH=/opt/homebrew/Cellar/gcc/14.2.0/bin/../libexec/gcc/aarch64-apple-darwin23/14/:/opt/homebrew/Cellar/gcc/14.2.0/bin/../libexec/gcc/]
  ignore line: [LIBRARY_PATH=/opt/homebrew/Cellar/gcc/14.2.0/bin/../lib/gcc/current/gcc/aarch64-apple-darwin23/14/:/opt/homebrew/Cellar/gcc/14.2.0/bin/../lib/gcc/current/gcc/:/opt/homebrew/Cellar/gcc/14.2.0/bin/../lib/gcc/current/gcc/aarch64-apple-darwin23/14/../../../]
  ignore line: [COLLECT_GCC_OPTIONS='-fdiagnostics-color=always' '-fopenmp' '-v' '-isysroot' '/Library/Developer/CommandLineTools/SDKs/MacOSX14.2.sdk' '-o' 'CMakeFiles/cmTC_7a6a3.dir/OpenMPTryFlag.c.o' '-c' '-mmacosx-version-min=15.0.0'  '-nodefaultexport' '-mcpu=apple-m1' '-mlittle-endian' '-mabi=lp64' '-dumpdir' 'CMakeFiles/cmTC_7a6a3.dir/OpenMPTryFlag.c.']
  ignore line: [[2/2] Linking C executable cmTC_7a6a3]
  ignore line: [Using built-in specs.]
  ignore line: [COLLECT_GCC=/opt/homebrew/bin/gcc-14]
  ignore line: [COLLECT_LTO_WRAPPER=/opt/homebrew/Cellar/gcc/14.2.0/bin/../libexec/gcc/aarch64-apple-darwin23/14/lto-wrapper]
  ignore line: [Target: aarch64-apple-darwin23]
  ignore line: [Configured with: ../configure --prefix=/opt/homebrew/opt/gcc --libdir=/opt/homebrew/opt/gcc/lib/gcc/current --disable-nls --enable-checking=release --with-gcc-major-version-only --enable-languages=c c++ objc obj-c++ fortran m2 --program-suffix=-14 --with-gmp=/opt/homebrew/opt/gmp --with-mpfr=/opt/homebrew/opt/mpfr --with-mpc=/opt/homebrew/opt/libmpc --with-isl=/opt/homebrew/opt/isl --with-zstd=/opt/homebrew/opt/zstd --with-pkgversion='Homebrew GCC 14.2.0' --with-bugurl=https://github.com/Homebrew/homebrew-core/issues --with-system-zlib --build=aarch64-apple-darwin23 --with-sysroot=/Library/Developer/CommandLineTools/SDKs/MacOSX14.sdk]
  ignore line: [Thread model: posix]
  ignore line: [Supported LTO compression algorithms: zlib zstd]
  ignore line: [gcc version 14.2.0 (Homebrew GCC 14.2.0) ]
  ignore line: [COMPILER_PATH=/opt/homebrew/Cellar/gcc/14.2.0/bin/../libexec/gcc/aarch64-apple-darwin23/14/:/opt/homebrew/Cellar/gcc/14.2.0/bin/../libexec/gcc/]
  ignore line: [LIBRARY_PATH=/opt/homebrew/Cellar/gcc/14.2.0/bin/../lib/gcc/current/gcc/aarch64-apple-darwin23/14/:/opt/homebrew/Cellar/gcc/14.2.0/bin/../lib/gcc/current/gcc/:/opt/homebrew/Cellar/gcc/14.2.0/bin/../lib/gcc/current/gcc/aarch64-apple-darwin23/14/../../../]
  ignore line: [COLLECT_GCC_OPTIONS='-fopenmp' '-v' '-isysroot' '/Library/Developer/CommandLineTools/SDKs/MacOSX14.2.sdk' '-o' 'cmTC_7a6a3' '-v' '-mmacosx-version-min=15.0.0' '-asm_macosx_version_min=15.0' '-nodefaultexport' '-mcpu=apple-m1' '-mlittle-endian' '-mabi=lp64' '-dumpdir' 'cmTC_7a6a3.']
  link line: [ /opt/homebrew/Cellar/gcc/14.2.0/bin/../libexec/gcc/aarch64-apple-darwin23/14/collect2 -demangle -dynamic -arch arm64 -syslibroot /Library/Developer/CommandLineTools/SDKs/MacOSX14.2.sdk -platform_version macos 15.0.0 0.0 -o cmTC_7a6a3 -L/opt/homebrew/Cellar/gcc/14.2.0/bin/../lib/gcc/current/gcc/aarch64-apple-darwin23/14 -L/opt/homebrew/Cellar/gcc/14.2.0/bin/../lib/gcc/current/gcc -L/opt/homebrew/Cellar/gcc/14.2.0/bin/../lib/gcc/current/gcc/aarch64-apple-darwin23/14/../../.. -lemutls_w -lheapt_w -search_paths_first -headerpad_max_install_names CMakeFiles/cmTC_7a6a3.dir/OpenMPTryFlag.c.o -v -lgomp -lgcc -lSystem -no_compact_unwind -rpath @loader_path -rpath /opt/homebrew/Cellar/gcc/14.2.0/lib/gcc/current/gcc/aarch64-apple-darwin23/14 -rpath /opt/homebrew/Cellar/gcc/14.2.0/lib/gcc/current/gcc -rpath /opt/homebrew/Cellar/gcc/14.2.0/lib/gcc/current]
    arg [/opt/homebrew/Cellar/gcc/14.2.0/bin/../libexec/gcc/aarch64-apple-darwin23/14/collect2] ==> ignore
    arg [-demangle] ==> ignore
    arg [-dynamic] ==> ignore
    arg [-arch] ==> ignore
    arg [arm64] ==> ignore
    arg [-syslibroot] ==> ignore
    arg [/Library/Developer/CommandLineTools/SDKs/MacOSX14.2.sdk] ==> ignore
    arg [-platform_version] ==> ignore
    arg [macos] ==> ignore
    arg [15.0.0] ==> ignore
    arg [0.0] ==> ignore
    arg [-o] ==> ignore
    arg [cmTC_7a6a3] ==> ignore
    arg [-L/opt/homebrew/Cellar/gcc/14.2.0/bin/../lib/gcc/current/gcc/aarch64-apple-darwin23/14] ==> dir [/opt/homebrew/Cellar/gcc/14.2.0/bin/../lib/gcc/current/gcc/aarch64-apple-darwin23/14]
    arg [-L/opt/homebrew/Cellar/gcc/14.2.0/bin/../lib/gcc/current/gcc] ==> dir [/opt/homebrew/Cellar/gcc/14.2.0/bin/../lib/gcc/current/gcc]
    arg [-L/opt/homebrew/Cellar/gcc/14.2.0/bin/../lib/gcc/current/gcc/aarch64-apple-darwin23/14/../../..] ==> dir [/opt/homebrew/Cellar/gcc/14.2.0/bin/../lib/gcc/current/gcc/aarch64-apple-darwin23/14/../../..]
    arg [-lemutls_w] ==> lib [emutls_w]
    arg [-lheapt_w] ==> lib [heapt_w]
    arg [-search_paths_first] ==> ignore
    arg [-headerpad_max_install_names] ==> ignore
    arg [CMakeFiles/cmTC_7a6a3.dir/OpenMPTryFlag.c.o] ==> ignore
    arg [-v] ==> ignore
    arg [-lgomp] ==> lib [gomp]
    arg [-lgcc] ==> lib [gcc]
    arg [-lSystem] ==> lib [System]
    arg [-no_compact_unwind] ==> ignore
    arg [-rpath] ==> ignore
    arg [@loader_path] ==> ignore
    arg [-rpath] ==> ignore
    arg [/opt/homebrew/Cellar/gcc/14.2.0/lib/gcc/current/gcc/aarch64-apple-darwin23/14] ==> ignore
    arg [-rpath] ==> ignore
    arg [/opt/homebrew/Cellar/gcc/14.2.0/lib/gcc/current/gcc] ==> ignore
    arg [-rpath] ==> ignore
    arg [/opt/homebrew/Cellar/gcc/14.2.0/lib/gcc/current] ==> ignore
  Library search paths: [;/opt/homebrew/Cellar/gcc/14.2.0/lib/gcc/current/gcc/aarch64-apple-darwin23/14;/opt/homebrew/Cellar/gcc/14.2.0/lib/gcc/current/gcc;/opt/homebrew/Cellar/gcc/14.2.0/lib/gcc/current;/Library/Developer/CommandLineTools/SDKs/MacOSX14.2.sdk/usr/lib]
  Framework search paths: [;/Library/Developer/CommandLineTools/SDKs/MacOSX14.2.sdk/System/Library/Frameworks/]
  remove lib [System]
  collapse library dir [/opt/homebrew/Cellar/gcc/14.2.0/bin/../lib/gcc/current/gcc/aarch64-apple-darwin23/14] ==> [/opt/homebrew/Cellar/gcc/14.2.0/lib/gcc/current/gcc/aarch64-apple-darwin23/14]
  collapse library dir [/opt/homebrew/Cellar/gcc/14.2.0/bin/../lib/gcc/current/gcc] ==> [/opt/homebrew/Cellar/gcc/14.2.0/lib/gcc/current/gcc]
  collapse library dir [/opt/homebrew/Cellar/gcc/14.2.0/bin/../lib/gcc/current/gcc/aarch64-apple-darwin23/14/../../..] ==> [/opt/homebrew/Cellar/gcc/14.2.0/lib/gcc/current]
  collapse library dir [/opt/homebrew/Cellar/gcc/14.2.0/lib/gcc/current/gcc/aarch64-apple-darwin23/14] ==> [/opt/homebrew/Cellar/gcc/14.2.0/lib/gcc/current/gcc/aarch64-apple-darwin23/14]
  collapse library dir [/opt/homebrew/Cellar/gcc/14.2.0/lib/gcc/current/gcc] ==> [/opt/homebrew/Cellar/gcc/14.2.0/lib/gcc/current/gcc]
  collapse library dir [/opt/homebrew/Cellar/gcc/14.2.0/lib/gcc/current] ==> [/opt/homebrew/Cellar/gcc/14.2.0/lib/gcc/current]
  collapse library dir [/Library/Developer/CommandLineTools/SDKs/MacOSX14.2.sdk/usr/lib] ==> [/Library/Developer/CommandLineTools/SDKs/MacOSX14.2.sdk/usr/lib]
  collapse framework dir [/Library/Developer/CommandLineTools/SDKs/MacOSX14.2.sdk/System/Library/Frameworks/] ==> [/Library/Developer/CommandLineTools/SDKs/MacOSX14.2.sdk/System/Library/Frameworks]
  implicit libs: [emutls_w;heapt_w;gomp;gcc]
  implicit objs: []
  implicit dirs: [/opt/homebrew/Cellar/gcc/14.2.0/lib/gcc/current/gcc/aarch64-apple-darwin23/14;/opt/homebrew/Cellar/gcc/14.2.0/lib/gcc/current/gcc;/opt/homebrew/Cellar/gcc/14.2.0/lib/gcc/current;/Library/Developer/CommandLineTools/SDKs/MacOSX14.2.sdk/usr/lib]
  implicit fwks: [/Library/Developer/CommandLineTools/SDKs/MacOSX14.2.sdk/System/Library/Frameworks]


Detecting CXX OpenMP compiler ABI info compiled with the following output:
Change Dir: /Users/lilywatanabe/Desktop/eth/thesis/SPH-EXA-fork/cmake-build-release/CMakeFiles/CMakeTmp

Run Build Command(s):/Applications/CLion.app/Contents/bin/ninja/mac/ninja cmTC_ee06f && [1/2] Building CXX object CMakeFiles/cmTC_ee06f.dir/OpenMPTryFlag.cpp.o
Using built-in specs.
COLLECT_GCC=/opt/homebrew/bin/g++-14
Target: aarch64-apple-darwin23
Configured with: ../configure --prefix=/opt/homebrew/opt/gcc --libdir=/opt/homebrew/opt/gcc/lib/gcc/current --disable-nls --enable-checking=release --with-gcc-major-version-only --enable-languages=c,c++,objc,obj-c++,fortran,m2 --program-suffix=-14 --with-gmp=/opt/homebrew/opt/gmp --with-mpfr=/opt/homebrew/opt/mpfr --with-mpc=/opt/homebrew/opt/libmpc --with-isl=/opt/homebrew/opt/isl --with-zstd=/opt/homebrew/opt/zstd --with-pkgversion='Homebrew GCC 14.2.0' --with-bugurl=https://github.com/Homebrew/homebrew-core/issues --with-system-zlib --build=aarch64-apple-darwin23 --with-sysroot=/Library/Developer/CommandLineTools/SDKs/MacOSX14.sdk
Thread model: posix
Supported LTO compression algorithms: zlib zstd
gcc version 14.2.0 (Homebrew GCC 14.2.0) 
COLLECT_GCC_OPTIONS='-fdiagnostics-color=always' '-fopenmp' '-v' '-isysroot' '/Library/Developer/CommandLineTools/SDKs/MacOSX14.2.sdk' '-std=gnu++20' '-o' 'CMakeFiles/cmTC_ee06f.dir/OpenMPTryFlag.cpp.o' '-c' '-mmacosx-version-min=15.0.0' '-asm_macosx_version_min=15.0' '-nodefaultexport' '-mcpu=apple-m1' '-mlittle-endian' '-mabi=lp64' '-dumpdir' 'CMakeFiles/cmTC_ee06f.dir/'
 /opt/homebrew/Cellar/gcc/14.2.0/bin/../libexec/gcc/aarch64-apple-darwin23/14/cc1plus -quiet -v -iprefix /opt/homebrew/Cellar/gcc/14.2.0/bin/../lib/gcc/current/gcc/aarch64-apple-darwin23/14/ -D__DYNAMIC__ -isysroot /Library/Developer/CommandLineTools/SDKs/MacOSX14.2.sdk /Users/lilywatanabe/Desktop/eth/thesis/SPH-EXA-fork/cmake-build-release/CMakeFiles/FindOpenMP/OpenMPTryFlag.cpp -fPIC -quiet -dumpdir CMakeFiles/cmTC_ee06f.dir/ -dumpbase OpenMPTryFlag.cpp.cpp -dumpbase-ext .cpp -mmacosx-version-min=15.0.0 -mcpu=apple-m1 -mlittle-endian -mabi=lp64 -std=gnu++20 -version -fdiagnostics-color=always -fopenmp -o /var/folders/wg/dfjp7xm90m79qr86gvs_lnhr0000gn/T//ccmz2UXp.s
GNU C++20 (Homebrew GCC 14.2.0) version 14.2.0 (aarch64-apple-darwin23)
	compiled by GNU C version 14.2.0, GMP version 6.3.0, MPFR version 4.2.1, MPC version 1.3.1, isl version isl-0.27-GMP

GGC heuristics: --param ggc-min-expand=100 --param ggc-min-heapsize=131072
ignoring nonexistent directory "/opt/homebrew/Cellar/gcc/14.2.0/bin/../lib/gcc/current/gcc/aarch64-apple-darwin23/14/../../../../../../aarch64-apple-darwin23/include"
ignoring duplicate directory "/opt/homebrew/Cellar/gcc/14.2.0/bin/../lib/gcc/current/gcc/../../../../lib/gcc/current/gcc/aarch64-apple-darwin23/14/../../../../../../include/c++/14"
ignoring duplicate directory "/opt/homebrew/Cellar/gcc/14.2.0/bin/../lib/gcc/current/gcc/../../../../lib/gcc/current/gcc/aarch64-apple-darwin23/14/../../../../../../include/c++/14/aarch64-apple-darwin23"
ignoring duplicate directory "/opt/homebrew/Cellar/gcc/14.2.0/bin/../lib/gcc/current/gcc/../../../../lib/gcc/current/gcc/aarch64-apple-darwin23/14/../../../../../../include/c++/14/backward"
ignoring duplicate directory "/opt/homebrew/Cellar/gcc/14.2.0/bin/../lib/gcc/current/gcc/../../../../lib/gcc/current/gcc/aarch64-apple-darwin23/14/include"
ignoring nonexistent directory "/Library/Developer/CommandLineTools/SDKs/MacOSX14.2.sdk/usr/local/include"
ignoring duplicate directory "/opt/homebrew/Cellar/gcc/14.2.0/bin/../lib/gcc/current/gcc/../../../../lib/gcc/current/gcc/aarch64-apple-darwin23/14/include-fixed"
ignoring nonexistent directory "/opt/homebrew/Cellar/gcc/14.2.0/bin/../lib/gcc/current/gcc/../../../../lib/gcc/current/gcc/aarch64-apple-darwin23/14/../../../../../../aarch64-apple-darwin23/include"
ignoring nonexistent directory "/Library/Developer/CommandLineTools/SDKs/MacOSX14.2.sdk/Library/Frameworks"
#include "..." search starts here:
#include <...> search starts here:
 /opt/homebrew/Cellar/gcc/14.2.0/bin/../lib/gcc/current/gcc/aarch64-apple-darwin23/14/../../../../../../include/c++/14
 /opt/homebrew/Cellar/gcc/14.2.0/bin/../lib/gcc/current/gcc/aarch64-apple-darwin23/14/../../../../../../include/c++/14/aarch64-apple-darwin23
 /opt/homebrew/Cellar/gcc/14.2.0/bin/../lib/gcc/current/gcc/aarch64-apple-darwin23/14/../../../../../../include/c++/14/backward
 /opt/homebrew/Cellar/gcc/14.2.0/bin/../lib/gcc/current/gcc/aarch64-apple-darwin23/14/include
 /opt/homebrew/Cellar/gcc/14.2.0/bin/../lib/gcc/current/gcc/aarch64-apple-darwin23/14/include-fixed
 /Library/Developer/CommandLineTools/SDKs/MacOSX14.2.sdk/usr/include
 /Library/Developer/CommandLineTools/SDKs/MacOSX14.2.sdk/System/Library/Frameworks
End of search list.
Compiler executable checksum: a75830afbe2c14ab123cd4d63804ed46
COLLECT_GCC_OPTIONS='-fdiagnostics-color=always' '-fopenmp' '-v' '-isysroot' '/Library/Developer/CommandLineTools/SDKs/MacOSX14.2.sdk' '-std=gnu++20' '-o' 'CMakeFiles/cmTC_ee06f.dir/OpenMPTryFlag.cpp.o' '-c' '-mmacosx-version-min=15.0.0'  '-nodefaultexport' '-mcpu=apple-m1' '-mlittle-endian' '-mabi=lp64' '-dumpdir' 'CMakeFiles/cmTC_ee06f.dir/'
 as -arch arm64 -v -mmacosx-version-min=15.0 -o CMakeFiles/cmTC_ee06f.dir/OpenMPTryFlag.cpp.o /var/folders/wg/dfjp7xm90m79qr86gvs_lnhr0000gn/T//ccmz2UXp.s
Apple clang version 15.0.0 (clang-1500.1.0.2.5)
Target: arm64-apple-darwin24.0.0
Thread model: posix
InstalledDir: /Library/Developer/CommandLineTools/usr/bin
 "/Library/Developer/CommandLineTools/usr/bin/clang" -cc1as -triple arm64-apple-macosx15.0.0 -filetype obj -main-file-name ccmz2UXp.s -target-cpu apple-m1 -target-feature +v8.5a -target-feature +crc -target-feature +lse -target-feature +rdm -target-feature +crypto -target-feature +dotprod -target-feature +fp-armv8 -target-feature +neon -target-feature +fp16fml -target-feature +ras -target-feature +rcpc -target-feature +zcm -target-feature +zcz -target-feature +fullfp16 -target-feature +sm4 -target-feature +sha3 -target-feature +sha2 -target-feature +aes -fdebug-compilation-dir=/Users/lilywatanabe/Desktop/eth/thesis/SPH-EXA-fork/cmake-build-release/CMakeFiles/CMakeTmp -dwarf-debug-producer "Apple clang version 15.0.0 (clang-1500.1.0.2.5)" -dwarf-version=4 -mrelocation-model pic --mrelax-relocations -mllvm -disable-aligned-alloc-awareness=1 -o CMakeFiles/cmTC_ee06f.dir/OpenMPTryFlag.cpp.o /var/folders/wg/dfjp7xm90m79qr86gvs_lnhr0000gn/T//ccmz2UXp.s
COMPILER_PATH=/opt/homebrew/Cellar/gcc/14.2.0/bin/../libexec/gcc/aarch64-apple-darwin23/14/:/opt/homebrew/Cellar/gcc/14.2.0/bin/../libexec/gcc/
LIBRARY_PATH=/opt/homebrew/Cellar/gcc/14.2.0/bin/../lib/gcc/current/gcc/aarch64-apple-darwin23/14/:/opt/homebrew/Cellar/gcc/14.2.0/bin/../lib/gcc/current/gcc/:/opt/homebrew/Cellar/gcc/14.2.0/bin/../lib/gcc/current/gcc/aarch64-apple-darwin23/14/../../../
COLLECT_GCC_OPTIONS='-fdiagnostics-color=always' '-fopenmp' '-v' '-isysroot' '/Library/Developer/CommandLineTools/SDKs/MacOSX14.2.sdk' '-std=gnu++20' '-o' 'CMakeFiles/cmTC_ee06f.dir/OpenMPTryFlag.cpp.o' '-c' '-mmacosx-version-min=15.0.0'  '-nodefaultexport' '-mcpu=apple-m1' '-mlittle-endian' '-mabi=lp64' '-dumpdir' 'CMakeFiles/cmTC_ee06f.dir/OpenMPTryFlag.cpp.'
[2/2] Linking CXX executable cmTC_ee06f
Using built-in specs.
COLLECT_GCC=/opt/homebrew/bin/g++-14
COLLECT_LTO_WRAPPER=/opt/homebrew/Cellar/gcc/14.2.0/bin/../libexec/gcc/aarch64-apple-darwin23/14/lto-wrapper
Target: aarch64-apple-darwin23
Configured with: ../configure --prefix=/opt/homebrew/opt/gcc --libdir=/opt/homebrew/opt/gcc/lib/gcc/current --disable-nls --enable-checking=release --with-gcc-major-version-only --enable-languages=c,c++,objc,obj-c++,fortran,m2 --program-suffix=-14 --with-gmp=/opt/homebrew/opt/gmp --with-mpfr=/opt/homebrew/opt/mpfr --with-mpc=/opt/homebrew/opt/libmpc --with-isl=/opt/homebrew/opt/isl --with-zstd=/opt/homebrew/opt/zstd --with-pkgversion='Homebrew GCC 14.2.0' --with-bugurl=https://github.com/Homebrew/homebrew-core/issues --with-system-zlib --build=aarch64-apple-darwin23 --with-sysroot=/Library/Developer/CommandLineTools/SDKs/MacOSX14.sdk
Thread model: posix
Supported LTO compression algorithms: zlib zstd
gcc version 14.2.0 (Homebrew GCC 14.2.0) 
COMPILER_PATH=/opt/homebrew/Cellar/gcc/14.2.0/bin/../libexec/gcc/aarch64-apple-darwin23/14/:/opt/homebrew/Cellar/gcc/14.2.0/bin/../libexec/gcc/
LIBRARY_PATH=/opt/homebrew/Cellar/gcc/14.2.0/bin/../lib/gcc/current/gcc/aarch64-apple-darwin23/14/:/opt/homebrew/Cellar/gcc/14.2.0/bin/../lib/gcc/current/gcc/:/opt/homebrew/Cellar/gcc/14.2.0/bin/../lib/gcc/current/gcc/aarch64-apple-darwin23/14/../../../
COLLECT_GCC_OPTIONS='-fopenmp' '-v' '-isysroot' '/Library/Developer/CommandLineTools/SDKs/MacOSX14.2.sdk' '-o' 'cmTC_ee06f' '-v' '-mmacosx-version-min=15.0.0' '-asm_macosx_version_min=15.0' '-nodefaultexport' '-mcpu=apple-m1' '-mlittle-endian' '-mabi=lp64' '-dumpdir' 'cmTC_ee06f.'
 /opt/homebrew/Cellar/gcc/14.2.0/bin/../libexec/gcc/aarch64-apple-darwin23/14/collect2 -demangle -dynamic -arch arm64 -syslibroot /Library/Developer/CommandLineTools/SDKs/MacOSX14.2.sdk -platform_version macos 15.0.0 0.0 -o cmTC_ee06f -L/opt/homebrew/Cellar/gcc/14.2.0/bin/../lib/gcc/current/gcc/aarch64-apple-darwin23/14 -L/opt/homebrew/Cellar/gcc/14.2.0/bin/../lib/gcc/current/gcc -L/opt/homebrew/Cellar/gcc/14.2.0/bin/../lib/gcc/current/gcc/aarch64-apple-darwin23/14/../../.. -lemutls_w -lheapt_w -search_paths_first -headerpad_max_install_names CMakeFiles/cmTC_ee06f.dir/OpenMPTryFlag.cpp.o -v -lstdc++ -lgomp -lgcc -lSystem -no_compact_unwind -rpath @loader_path -rpath /opt/homebrew/Cellar/gcc/14.2.0/lib/gcc/current/gcc/aarch64-apple-darwin23/14 -rpath /opt/homebrew/Cellar/gcc/14.2.0/lib/gcc/current/gcc -rpath /opt/homebrew/Cellar/gcc/14.2.0/lib/gcc/current
collect2 version 14.2.0
/Users/lilywatanabe/opt/anaconda3/bin/ld -demangle -dynamic -arch arm64 -syslibroot /Library/Developer/CommandLineTools/SDKs/MacOSX14.2.sdk -platform_version macos 15.0.0 0.0 -o cmTC_ee06f -L/opt/homebrew/Cellar/gcc/14.2.0/bin/../lib/gcc/current/gcc/aarch64-apple-darwin23/14 -L/opt/homebrew/Cellar/gcc/14.2.0/bin/../lib/gcc/current/gcc -L/opt/homebrew/Cellar/gcc/14.2.0/bin/../lib/gcc/current/gcc/aarch64-apple-darwin23/14/../../.. -lemutls_w -lheapt_w -search_paths_first -headerpad_max_install_names CMakeFiles/cmTC_ee06f.dir/OpenMPTryFlag.cpp.o -v -lstdc++ -lgomp -lgcc -lSystem -no_compact_unwind -rpath @loader_path -rpath /opt/homebrew/Cellar/gcc/14.2.0/lib/gcc/current/gcc/aarch64-apple-darwin23/14 -rpath /opt/homebrew/Cellar/gcc/14.2.0/lib/gcc/current/gcc -rpath /opt/homebrew/Cellar/gcc/14.2.0/lib/gcc/current
@(#)PROGRAM:ld  PROJECT:ld64-530
BUILD 07:38:32 Sep  7 2022
configured to support archs: armv6 armv7 armv7s arm64 arm64e arm64_32 i386 x86_64 x86_64h armv6m armv7k armv7m armv7em (tvOS)
Library search paths:
	/opt/homebrew/Cellar/gcc/14.2.0/lib/gcc/current/gcc/aarch64-apple-darwin23/14
	/opt/homebrew/Cellar/gcc/14.2.0/lib/gcc/current/gcc
	/opt/homebrew/Cellar/gcc/14.2.0/lib/gcc/current
	/Library/Developer/CommandLineTools/SDKs/MacOSX14.2.sdk/usr/lib
Framework search paths:
	/Library/Developer/CommandLineTools/SDKs/MacOSX14.2.sdk/System/Library/Frameworks/



Parsed CXX OpenMP implicit link information from above output:
  link line regex: [^( *|.*[/\])(ld|CMAKE_LINK_STARTFILE-NOTFOUND|([^/\]+-)?ld|collect2)[^/\]*( |$)]
  ignore line: [Change Dir: /Users/lilywatanabe/Desktop/eth/thesis/SPH-EXA-fork/cmake-build-release/CMakeFiles/CMakeTmp]
  ignore line: []
  ignore line: [Run Build Command(s):/Applications/CLion.app/Contents/bin/ninja/mac/ninja cmTC_ee06f && [1/2] Building CXX object CMakeFiles/cmTC_ee06f.dir/OpenMPTryFlag.cpp.o]
  ignore line: [Using built-in specs.]
  ignore line: [COLLECT_GCC=/opt/homebrew/bin/g++-14]
  ignore line: [Target: aarch64-apple-darwin23]
  ignore line: [Configured with: ../configure --prefix=/opt/homebrew/opt/gcc --libdir=/opt/homebrew/opt/gcc/lib/gcc/current --disable-nls --enable-checking=release --with-gcc-major-version-only --enable-languages=c c++ objc obj-c++ fortran m2 --program-suffix=-14 --with-gmp=/opt/homebrew/opt/gmp --with-mpfr=/opt/homebrew/opt/mpfr --with-mpc=/opt/homebrew/opt/libmpc --with-isl=/opt/homebrew/opt/isl --with-zstd=/opt/homebrew/opt/zstd --with-pkgversion='Homebrew GCC 14.2.0' --with-bugurl=https://github.com/Homebrew/homebrew-core/issues --with-system-zlib --build=aarch64-apple-darwin23 --with-sysroot=/Library/Developer/CommandLineTools/SDKs/MacOSX14.sdk]
  ignore line: [Thread model: posix]
  ignore line: [Supported LTO compression algorithms: zlib zstd]
  ignore line: [gcc version 14.2.0 (Homebrew GCC 14.2.0) ]
  ignore line: [COLLECT_GCC_OPTIONS='-fdiagnostics-color=always' '-fopenmp' '-v' '-isysroot' '/Library/Developer/CommandLineTools/SDKs/MacOSX14.2.sdk' '-std=gnu++20' '-o' 'CMakeFiles/cmTC_ee06f.dir/OpenMPTryFlag.cpp.o' '-c' '-mmacosx-version-min=15.0.0' '-asm_macosx_version_min=15.0' '-nodefaultexport' '-mcpu=apple-m1' '-mlittle-endian' '-mabi=lp64' '-dumpdir' 'CMakeFiles/cmTC_ee06f.dir/']
  ignore line: [ /opt/homebrew/Cellar/gcc/14.2.0/bin/../libexec/gcc/aarch64-apple-darwin23/14/cc1plus -quiet -v -iprefix /opt/homebrew/Cellar/gcc/14.2.0/bin/../lib/gcc/current/gcc/aarch64-apple-darwin23/14/ -D__DYNAMIC__ -isysroot /Library/Developer/CommandLineTools/SDKs/MacOSX14.2.sdk /Users/lilywatanabe/Desktop/eth/thesis/SPH-EXA-fork/cmake-build-release/CMakeFiles/FindOpenMP/OpenMPTryFlag.cpp -fPIC -quiet -dumpdir CMakeFiles/cmTC_ee06f.dir/ -dumpbase OpenMPTryFlag.cpp.cpp -dumpbase-ext .cpp -mmacosx-version-min=15.0.0 -mcpu=apple-m1 -mlittle-endian -mabi=lp64 -std=gnu++20 -version -fdiagnostics-color=always -fopenmp -o /var/folders/wg/dfjp7xm90m79qr86gvs_lnhr0000gn/T//ccmz2UXp.s]
  ignore line: [GNU C++20 (Homebrew GCC 14.2.0) version 14.2.0 (aarch64-apple-darwin23)]
  ignore line: [	compiled by GNU C version 14.2.0  GMP version 6.3.0  MPFR version 4.2.1  MPC version 1.3.1  isl version isl-0.27-GMP]
  ignore line: []
  ignore line: [GGC heuristics: --param ggc-min-expand=100 --param ggc-min-heapsize=131072]
  ignore line: [ignoring nonexistent directory "/opt/homebrew/Cellar/gcc/14.2.0/bin/../lib/gcc/current/gcc/aarch64-apple-darwin23/14/../../../../../../aarch64-apple-darwin23/include"]
  ignore line: [ignoring duplicate directory "/opt/homebrew/Cellar/gcc/14.2.0/bin/../lib/gcc/current/gcc/../../../../lib/gcc/current/gcc/aarch64-apple-darwin23/14/../../../../../../include/c++/14"]
  ignore line: [ignoring duplicate directory "/opt/homebrew/Cellar/gcc/14.2.0/bin/../lib/gcc/current/gcc/../../../../lib/gcc/current/gcc/aarch64-apple-darwin23/14/../../../../../../include/c++/14/aarch64-apple-darwin23"]
  ignore line: [ignoring duplicate directory "/opt/homebrew/Cellar/gcc/14.2.0/bin/../lib/gcc/current/gcc/../../../../lib/gcc/current/gcc/aarch64-apple-darwin23/14/../../../../../../include/c++/14/backward"]
  ignore line: [ignoring duplicate directory "/opt/homebrew/Cellar/gcc/14.2.0/bin/../lib/gcc/current/gcc/../../../../lib/gcc/current/gcc/aarch64-apple-darwin23/14/include"]
  ignore line: [ignoring nonexistent directory "/Library/Developer/CommandLineTools/SDKs/MacOSX14.2.sdk/usr/local/include"]
  ignore line: [ignoring duplicate directory "/opt/homebrew/Cellar/gcc/14.2.0/bin/../lib/gcc/current/gcc/../../../../lib/gcc/current/gcc/aarch64-apple-darwin23/14/include-fixed"]
  ignore line: [ignoring nonexistent directory "/opt/homebrew/Cellar/gcc/14.2.0/bin/../lib/gcc/current/gcc/../../../../lib/gcc/current/gcc/aarch64-apple-darwin23/14/../../../../../../aarch64-apple-darwin23/include"]
  ignore line: [ignoring nonexistent directory "/Library/Developer/CommandLineTools/SDKs/MacOSX14.2.sdk/Library/Frameworks"]
  ignore line: [#include "..." search starts here:]
  ignore line: [#include <...> search starts here:]
  ignore line: [ /opt/homebrew/Cellar/gcc/14.2.0/bin/../lib/gcc/current/gcc/aarch64-apple-darwin23/14/../../../../../../include/c++/14]
  ignore line: [ /opt/homebrew/Cellar/gcc/14.2.0/bin/../lib/gcc/current/gcc/aarch64-apple-darwin23/14/../../../../../../include/c++/14/aarch64-apple-darwin23]
  ignore line: [ /opt/homebrew/Cellar/gcc/14.2.0/bin/../lib/gcc/current/gcc/aarch64-apple-darwin23/14/../../../../../../include/c++/14/backward]
  ignore line: [ /opt/homebrew/Cellar/gcc/14.2.0/bin/../lib/gcc/current/gcc/aarch64-apple-darwin23/14/include]
  ignore line: [ /opt/homebrew/Cellar/gcc/14.2.0/bin/../lib/gcc/current/gcc/aarch64-apple-darwin23/14/include-fixed]
  ignore line: [ /Library/Developer/CommandLineTools/SDKs/MacOSX14.2.sdk/usr/include]
  ignore line: [ /Library/Developer/CommandLineTools/SDKs/MacOSX14.2.sdk/System/Library/Frameworks]
  ignore line: [End of search list.]
  ignore line: [Compiler executable checksum: a75830afbe2c14ab123cd4d63804ed46]
  ignore line: [COLLECT_GCC_OPTIONS='-fdiagnostics-color=always' '-fopenmp' '-v' '-isysroot' '/Library/Developer/CommandLineTools/SDKs/MacOSX14.2.sdk' '-std=gnu++20' '-o' 'CMakeFiles/cmTC_ee06f.dir/OpenMPTryFlag.cpp.o' '-c' '-mmacosx-version-min=15.0.0'  '-nodefaultexport' '-mcpu=apple-m1' '-mlittle-endian' '-mabi=lp64' '-dumpdir' 'CMakeFiles/cmTC_ee06f.dir/']
  ignore line: [ as -arch arm64 -v -mmacosx-version-min=15.0 -o CMakeFiles/cmTC_ee06f.dir/OpenMPTryFlag.cpp.o /var/folders/wg/dfjp7xm90m79qr86gvs_lnhr0000gn/T//ccmz2UXp.s]
  ignore line: [Apple clang version 15.0.0 (clang-1500.1.0.2.5)]
  ignore line: [Target: arm64-apple-darwin24.0.0]
  ignore line: [Thread model: posix]
  ignore line: [InstalledDir: /Library/Developer/CommandLineTools/usr/bin]
  ignore line: [ "/Library/Developer/CommandLineTools/usr/bin/clang" -cc1as -triple arm64-apple-macosx15.0.0 -filetype obj -main-file-name ccmz2UXp.s -target-cpu apple-m1 -target-feature +v8.5a -target-feature +crc -target-feature +lse -target-feature +rdm -target-feature +crypto -target-feature +dotprod -target-feature +fp-armv8 -target-feature +neon -target-feature +fp16fml -target-feature +ras -target-feature +rcpc -target-feature +zcm -target-feature +zcz -target-feature +fullfp16 -target-feature +sm4 -target-feature +sha3 -target-feature +sha2 -target-feature +aes -fdebug-compilation-dir=/Users/lilywatanabe/Desktop/eth/thesis/SPH-EXA-fork/cmake-build-release/CMakeFiles/CMakeTmp -dwarf-debug-producer "Apple clang version 15.0.0 (clang-1500.1.0.2.5)" -dwarf-version=4 -mrelocation-model pic --mrelax-relocations -mllvm -disable-aligned-alloc-awareness=1 -o CMakeFiles/cmTC_ee06f.dir/OpenMPTryFlag.cpp.o /var/folders/wg/dfjp7xm90m79qr86gvs_lnhr0000gn/T//ccmz2UXp.s]
  ignore line: [COMPILER_PATH=/opt/homebrew/Cellar/gcc/14.2.0/bin/../libexec/gcc/aarch64-apple-darwin23/14/:/opt/homebrew/Cellar/gcc/14.2.0/bin/../libexec/gcc/]
  ignore line: [LIBRARY_PATH=/opt/homebrew/Cellar/gcc/14.2.0/bin/../lib/gcc/current/gcc/aarch64-apple-darwin23/14/:/opt/homebrew/Cellar/gcc/14.2.0/bin/../lib/gcc/current/gcc/:/opt/homebrew/Cellar/gcc/14.2.0/bin/../lib/gcc/current/gcc/aarch64-apple-darwin23/14/../../../]
  ignore line: [COLLECT_GCC_OPTIONS='-fdiagnostics-color=always' '-fopenmp' '-v' '-isysroot' '/Library/Developer/CommandLineTools/SDKs/MacOSX14.2.sdk' '-std=gnu++20' '-o' 'CMakeFiles/cmTC_ee06f.dir/OpenMPTryFlag.cpp.o' '-c' '-mmacosx-version-min=15.0.0'  '-nodefaultexport' '-mcpu=apple-m1' '-mlittle-endian' '-mabi=lp64' '-dumpdir' 'CMakeFiles/cmTC_ee06f.dir/OpenMPTryFlag.cpp.']
  ignore line: [[2/2] Linking CXX executable cmTC_ee06f]
  ignore line: [Using built-in specs.]
  ignore line: [COLLECT_GCC=/opt/homebrew/bin/g++-14]
  ignore line: [COLLECT_LTO_WRAPPER=/opt/homebrew/Cellar/gcc/14.2.0/bin/../libexec/gcc/aarch64-apple-darwin23/14/lto-wrapper]
  ignore line: [Target: aarch64-apple-darwin23]
  ignore line: [Configured with: ../configure --prefix=/opt/homebrew/opt/gcc --libdir=/opt/homebrew/opt/gcc/lib/gcc/current --disable-nls --enable-checking=release --with-gcc-major-version-only --enable-languages=c c++ objc obj-c++ fortran m2 --program-suffix=-14 --with-gmp=/opt/homebrew/opt/gmp --with-mpfr=/opt/homebrew/opt/mpfr --with-mpc=/opt/homebrew/opt/libmpc --with-isl=/opt/homebrew/opt/isl --with-zstd=/opt/homebrew/opt/zstd --with-pkgversion='Homebrew GCC 14.2.0' --with-bugurl=https://github.com/Homebrew/homebrew-core/issues --with-system-zlib --build=aarch64-apple-darwin23 --with-sysroot=/Library/Developer/CommandLineTools/SDKs/MacOSX14.sdk]
  ignore line: [Thread model: posix]
  ignore line: [Supported LTO compression algorithms: zlib zstd]
  ignore line: [gcc version 14.2.0 (Homebrew GCC 14.2.0) ]
  ignore line: [COMPILER_PATH=/opt/homebrew/Cellar/gcc/14.2.0/bin/../libexec/gcc/aarch64-apple-darwin23/14/:/opt/homebrew/Cellar/gcc/14.2.0/bin/../libexec/gcc/]
  ignore line: [LIBRARY_PATH=/opt/homebrew/Cellar/gcc/14.2.0/bin/../lib/gcc/current/gcc/aarch64-apple-darwin23/14/:/opt/homebrew/Cellar/gcc/14.2.0/bin/../lib/gcc/current/gcc/:/opt/homebrew/Cellar/gcc/14.2.0/bin/../lib/gcc/current/gcc/aarch64-apple-darwin23/14/../../../]
  ignore line: [COLLECT_GCC_OPTIONS='-fopenmp' '-v' '-isysroot' '/Library/Developer/CommandLineTools/SDKs/MacOSX14.2.sdk' '-o' 'cmTC_ee06f' '-v' '-mmacosx-version-min=15.0.0' '-asm_macosx_version_min=15.0' '-nodefaultexport' '-mcpu=apple-m1' '-mlittle-endian' '-mabi=lp64' '-dumpdir' 'cmTC_ee06f.']
  link line: [ /opt/homebrew/Cellar/gcc/14.2.0/bin/../libexec/gcc/aarch64-apple-darwin23/14/collect2 -demangle -dynamic -arch arm64 -syslibroot /Library/Developer/CommandLineTools/SDKs/MacOSX14.2.sdk -platform_version macos 15.0.0 0.0 -o cmTC_ee06f -L/opt/homebrew/Cellar/gcc/14.2.0/bin/../lib/gcc/current/gcc/aarch64-apple-darwin23/14 -L/opt/homebrew/Cellar/gcc/14.2.0/bin/../lib/gcc/current/gcc -L/opt/homebrew/Cellar/gcc/14.2.0/bin/../lib/gcc/current/gcc/aarch64-apple-darwin23/14/../../.. -lemutls_w -lheapt_w -search_paths_first -headerpad_max_install_names CMakeFiles/cmTC_ee06f.dir/OpenMPTryFlag.cpp.o -v -lstdc++ -lgomp -lgcc -lSystem -no_compact_unwind -rpath @loader_path -rpath /opt/homebrew/Cellar/gcc/14.2.0/lib/gcc/current/gcc/aarch64-apple-darwin23/14 -rpath /opt/homebrew/Cellar/gcc/14.2.0/lib/gcc/current/gcc -rpath /opt/homebrew/Cellar/gcc/14.2.0/lib/gcc/current]
    arg [/opt/homebrew/Cellar/gcc/14.2.0/bin/../libexec/gcc/aarch64-apple-darwin23/14/collect2] ==> ignore
    arg [-demangle] ==> ignore
    arg [-dynamic] ==> ignore
    arg [-arch] ==> ignore
    arg [arm64] ==> ignore
    arg [-syslibroot] ==> ignore
    arg [/Library/Developer/CommandLineTools/SDKs/MacOSX14.2.sdk] ==> ignore
    arg [-platform_version] ==> ignore
    arg [macos] ==> ignore
    arg [15.0.0] ==> ignore
    arg [0.0] ==> ignore
    arg [-o] ==> ignore
    arg [cmTC_ee06f] ==> ignore
    arg [-L/opt/homebrew/Cellar/gcc/14.2.0/bin/../lib/gcc/current/gcc/aarch64-apple-darwin23/14] ==> dir [/opt/homebrew/Cellar/gcc/14.2.0/bin/../lib/gcc/current/gcc/aarch64-apple-darwin23/14]
    arg [-L/opt/homebrew/Cellar/gcc/14.2.0/bin/../lib/gcc/current/gcc] ==> dir [/opt/homebrew/Cellar/gcc/14.2.0/bin/../lib/gcc/current/gcc]
    arg [-L/opt/homebrew/Cellar/gcc/14.2.0/bin/../lib/gcc/current/gcc/aarch64-apple-darwin23/14/../../..] ==> dir [/opt/homebrew/Cellar/gcc/14.2.0/bin/../lib/gcc/current/gcc/aarch64-apple-darwin23/14/../../..]
    arg [-lemutls_w] ==> lib [emutls_w]
    arg [-lheapt_w] ==> lib [heapt_w]
    arg [-search_paths_first] ==> ignore
    arg [-headerpad_max_install_names] ==> ignore
    arg [CMakeFiles/cmTC_ee06f.dir/OpenMPTryFlag.cpp.o] ==> ignore
    arg [-v] ==> ignore
    arg [-lstdc++] ==> lib [stdc++]
    arg [-lgomp] ==> lib [gomp]
    arg [-lgcc] ==> lib [gcc]
    arg [-lSystem] ==> lib [System]
    arg [-no_compact_unwind] ==> ignore
    arg [-rpath] ==> ignore
    arg [@loader_path] ==> ignore
    arg [-rpath] ==> ignore
    arg [/opt/homebrew/Cellar/gcc/14.2.0/lib/gcc/current/gcc/aarch64-apple-darwin23/14] ==> ignore
    arg [-rpath] ==> ignore
    arg [/opt/homebrew/Cellar/gcc/14.2.0/lib/gcc/current/gcc] ==> ignore
    arg [-rpath] ==> ignore
    arg [/opt/homebrew/Cellar/gcc/14.2.0/lib/gcc/current] ==> ignore
  Library search paths: [;/opt/homebrew/Cellar/gcc/14.2.0/lib/gcc/current/gcc/aarch64-apple-darwin23/14;/opt/homebrew/Cellar/gcc/14.2.0/lib/gcc/current/gcc;/opt/homebrew/Cellar/gcc/14.2.0/lib/gcc/current;/Library/Developer/CommandLineTools/SDKs/MacOSX14.2.sdk/usr/lib]
  Framework search paths: [;/Library/Developer/CommandLineTools/SDKs/MacOSX14.2.sdk/System/Library/Frameworks/]
  remove lib [System]
  collapse library dir [/opt/homebrew/Cellar/gcc/14.2.0/bin/../lib/gcc/current/gcc/aarch64-apple-darwin23/14] ==> [/opt/homebrew/Cellar/gcc/14.2.0/lib/gcc/current/gcc/aarch64-apple-darwin23/14]
  collapse library dir [/opt/homebrew/Cellar/gcc/14.2.0/bin/../lib/gcc/current/gcc] ==> [/opt/homebrew/Cellar/gcc/14.2.0/lib/gcc/current/gcc]
  collapse library dir [/opt/homebrew/Cellar/gcc/14.2.0/bin/../lib/gcc/current/gcc/aarch64-apple-darwin23/14/../../..] ==> [/opt/homebrew/Cellar/gcc/14.2.0/lib/gcc/current]
  collapse library dir [/opt/homebrew/Cellar/gcc/14.2.0/lib/gcc/current/gcc/aarch64-apple-darwin23/14] ==> [/opt/homebrew/Cellar/gcc/14.2.0/lib/gcc/current/gcc/aarch64-apple-darwin23/14]
  collapse library dir [/opt/homebrew/Cellar/gcc/14.2.0/lib/gcc/current/gcc] ==> [/opt/homebrew/Cellar/gcc/14.2.0/lib/gcc/current/gcc]
  collapse library dir [/opt/homebrew/Cellar/gcc/14.2.0/lib/gcc/current] ==> [/opt/homebrew/Cellar/gcc/14.2.0/lib/gcc/current]
  collapse library dir [/Library/Developer/CommandLineTools/SDKs/MacOSX14.2.sdk/usr/lib] ==> [/Library/Developer/CommandLineTools/SDKs/MacOSX14.2.sdk/usr/lib]
  collapse framework dir [/Library/Developer/CommandLineTools/SDKs/MacOSX14.2.sdk/System/Library/Frameworks/] ==> [/Library/Developer/CommandLineTools/SDKs/MacOSX14.2.sdk/System/Library/Frameworks]
  implicit libs: [emutls_w;heapt_w;stdc++;gomp;gcc]
  implicit objs: []
  implicit dirs: [/opt/homebrew/Cellar/gcc/14.2.0/lib/gcc/current/gcc/aarch64-apple-darwin23/14;/opt/homebrew/Cellar/gcc/14.2.0/lib/gcc/current/gcc;/opt/homebrew/Cellar/gcc/14.2.0/lib/gcc/current;/Library/Developer/CommandLineTools/SDKs/MacOSX14.2.sdk/usr/lib]
  implicit fwks: [/Library/Developer/CommandLineTools/SDKs/MacOSX14.2.sdk/System/Library/Frameworks]


